id,grade,numOfBack,numOfForward,numOfPause,numOflearning,totalTime,numOfFast,numOfSlow,currentSession,startTime,currentVedio
2647c1dba23bc0e0f9cdf75339e120d2,-1,41,22,131,204,22263242,0,0,,,
d0921d442ee91b896ad95059d13df618,-1,4,5,45,77,5422099,1,1,,,
e6e713296627dff6475085cc6a224464,-1,2,3,1,13,293,0,0,,,
5dedb42b34e50082065a783265ce28a8,-1,6,1,57,110,5896938,0,0,,,
1f9702dbc66344013ffb884419665816,-1,19,40,40,87,8076975,0,0,,,
a891af9b4934fe765b5778469d1f1f45,-1,3,7,20,47,4145745,5,3,,,
ff1e68e74c6b16a1a7b5d958b95e120c,-1,0,0,4,22,333276,0,0,,,
c99e757a469e0631c1a61e97949885f1,-1,107,28,254,497,36769424,1,1,,,
70322d1064e4f050c636cc507a59f5a3,-1,0,23,5,46,3627571,0,0,,,
324ceee24a671ea9383a804c12866b49,-1,6,29,27,60,4942150,0,0,,,
274da997412973c08cf7e78724153f55,-1,0,0,14,34,1671073,0,0,,,
7316e11fe78963395fbab4a85d0b8f85,-1,15,4,20,76,3111282,0,0,,,
f4cf6b2f6752d41541269a59dc0dd1ba,-1,3,5,32,53,3035197,0,0,,,
083ae7ea9e5e3ba6e3aab3a8b20bfeb8,-1,0,0,0,47,166842,0,0,,,
0181dbcc3606f670bbe50f984967f358,-1,0,1,2,8,264651,0,0,,,
0845e4af78488cb5bacf0cbf68305d08,-1,0,0,2,9,259282,0,0,,,
0fc58940025dd55d0d280db02d87412c,-1,17,15,86,182,16521345,5,4,,,
49a0fa0ea45d6c65e0524d65fb737c84,-1,8,13,14,45,2415665,0,0,,,
5d50d910720dc8d840855109c28ad865,-1,40,10,77,155,12772342,10,8,,,
a3acd0761428f9193e6c01cf9a9b91a3,-1,0,0,0,4,0,0,0,,,
e59bed9538a7a165e0d2a1c34335a4ab,-1,8,18,37,91,7414728,4,4,,,
2d00ce98adf1abcedcf3cecb0859343a,-1,0,0,0,3,0,0,0,,,
dcc4b21702248a25947ecf9ba174e0f5,-1,5,13,82,188,11928326,1,1,,,
65b02eb3b457d64d6d5a10c5a441ad46,-1,49,120,35,123,20010703,1,0,,,
d8c9d0111bdca413dae5f7b34f611b98,-1,5,12,6,22,258636,0,0,,,
723d8c61fce870c3474d080313a4a2fd,-1,27,16,87,116,22731716,1,1,,,
ce0f64f0de156e96c6db532f7f0bf715,-1,4,5,17,26,9693098,0,0,,,
4d65e08bffbef39d2422fcf6274c5570,-1,6,17,63,90,5578749,0,0,,,
a572b78603a301e85627812e54777032,-1,1,0,22,49,5444095,2,1,,,
fcbee6ab5decc1a098af13544f2934c3,-1,14,4,43,78,5178106,0,0,,,
314a07f9848eeff2f90ae29152999894,-1,79,84,372,333,45433256,1,1,,,
ecabeed61948e0507d85ce42e6f91880,-1,0,0,0,3,0,0,0,,,
43285a8b542fcdc35377439e05dcb04f,-1,4,5,9,33,2510560,0,0,,,
e8021a133affa2116ade5d414ca592a2,-1,5,3,42,57,3626425,0,0,,,
1d065bb34a7e82eb8d1b6f88112ee809,-1,1,19,19,57,4121176,0,0,,,
0fc689b458eb00b6922ffe04d0ed81f2,-1,10,3,19,68,3305984,0,0,,,
8b749c2d3de9c726555c87b137046929,-1,41,256,37,126,19444522,0,0,,,
3e8f9c678ebc77ab3419c7af20591225,-1,0,0,0,6,0,0,0,,,
e9eb7d61c4242009c49c45d931e08638,-1,20,23,25,41,4733063,0,0,,,
f312889cf65908647c57d219b7fc956f,-1,3,0,37,65,4198150,0,0,,,
ecd122037c0fd785861279d853231ccc,-1,3,10,2,14,4323677,0,0,,,
5ee821109b8c0798edc44ce096848be2,-1,18,11,126,219,19939925,0,0,,,
e13cb51be8aec520623e1e2ac5c30bbd,-1,9,87,28,74,16924948,2,2,,,
8d4eadd3ef860106996a64d85b86bf8f,-1,11,13,60,77,7618492,3,2,,,
7e204b4cb1b8fe81867d021953345cfb,-1,2,8,16,52,2241405,0,0,,,
9406eebdc772a83271bf87635d5d3a34,-1,3,35,10,30,4661299,0,0,,,
6f1a4abba670ceaeef65f8740dc3a0c6,-1,39,540,347,302,60305185,0,0,,,
f9189ab8a3d3920fa3cee4bc216d09a6,-1,2,0,6,33,857911,1,1,,,
e7ab4900eedf6ca77aedd5bf1c978f5f,-1,0,0,13,91,1720656,0,0,,,
3ea620c70d807d0cc0fc56be47b74c95,-1,5,16,13,16,1113027,4,2,,,
8174821c28d61b4b5c3759302271d960,-1,45,25,180,341,24464673,1,1,,,
4a706e3521a7804fc8cffb020ff81a5e,-1,32,297,72,314,37650683,0,0,,,
8f0d589ed73e3f42652b42b71aa63041,-1,22,21,218,290,25195855,0,0,,,
cdf52db1a274aea750e0db61f6808a51,-1,43,191,74,282,42503559,0,0,,,
4568cffb6fdcdc48464c001aaad61835,-1,1,0,13,23,503671,1,0,,,
29bd4e5d8afb69d69a9f304cb04b0df4,-1,0,4,0,28,5,0,0,,,
8431a66e04dc4b516b817d4083397de4,-1,18,47,104,217,17543005,1,1,,,
a32f2b4683283f72aa2419923d12266a,-1,19,33,121,199,17887098,0,0,,,
3e3eeaa665b7d18d1146aa4e654d62b5,-1,4,61,32,46,14690108,2,2,,,
e1bf90b942216b3516d28787a6d92179,-1,12,4,67,108,6118497,0,0,,,
05fee0699df76e03ef761015d2bf694b,-1,0,4,43,183,7246011,0,0,,,
2e1bffbe0a4173abf55c82998197e4d5,-1,28,8,57,100,8031732,0,0,,,
95328438828487935c032b2a8033c9c7,-1,0,0,3,34,173271,0,0,,,
49348ed37f833a99d70fdb621f29d883,-1,3,20,27,33,3334464,0,0,,,
ce0ef02ee258052133aac2b7e2703f9d,-1,2,4,28,74,4878681,0,0,,,
694587307e3b9ad9f3fc3d30336f8826,-1,10,39,30,107,5283800,1,2,,,
fd035a46ae5bad60ba566f8c5a29b4fc,-1,5,4,20,50,3459718,4,4,,,
da8db4006fe6c67be94f8a614ad1f4c2,-1,3,18,6,33,3022230,1,0,,,
751b4e2e688518d84c4c92babb804abc,-1,23,8,63,192,13895882,0,0,,,
ea925d3fbe580d84c0d3540bbaf23632,-1,0,8,12,37,2078371,0,0,,,
b54e0fd700c67d338883ee62bf839df8,-1,0,0,1,8,287,0,0,,,
4da65c3c6f2a54e584f223d1c38a733c,-1,14,6,40,86,8976931,0,0,,,
e9257c73396fed853bca2ec0a0a8508f,-1,2,4,35,47,3258833,0,0,,,
c2d736b7e85518f0fd90dc79254b7ff3,-1,6,146,16,75,9670378,0,0,,,
c60adde57e3463be4abfd63062b2ef3f,-1,57,29,132,121,26188321,1,1,,,
9505533157609dee817f8c2b114e6045,-1,0,0,7,22,515716,0,0,,,
2bed0ee20d2fca6465c94f8490eae4fd,-1,0,3,0,15,431996,0,0,,,
b56dc5a434403ced9278d5429099df26,-1,2,1,25,62,2770922,2,2,,,
d02afdc32d3839389395930e8ff03d6a,-1,0,0,2,74,342454,0,0,,,
faa6a0d36cb2c33d9bb742d59617d392,-1,6,0,65,67,6549068,2,1,,,
0638c63e4856630d501c580226a3df71,-1,10,91,12,41,13191571,1,1,,,
4aa0be722d7ee4d03cc4f2424658912c,-1,25,79,26,29,12436391,0,0,,,
34807b6a4c44d717990a7913a2f50827,-1,8,10,26,27,2850331,2,1,,,
63f40471db5d6c6ff81b860dec3aedad,-1,0,0,2,11,259187,0,0,,,
81f802acec0e8e430b369564912b05d4,-1,1,3,2,9,1124193,0,0,,,
9f8f2741334b4c842393590acc59b394,-1,34,5,215,165,23682923,0,0,,,
f2b094aec4e09cf4bf8a6478f5c141fa,-1,0,1,0,19,259229,0,0,,,
f090779db3101e2cf8053f36b9cdbc85,-1,3,8,8,85,2166212,0,0,,,
8828fe7911a34f844cf979fa0bef176e,-1,0,0,0,96,86335,0,0,,,
9dc3e2deabfd32a8d338eeec45fc3078,-1,5,20,7,29,2768193,0,0,,,
226253e44a8d6dfad229ea1d36ad8623,-1,2,8,21,40,3124189,0,0,,,
500d9d8e1ec2b8118cce324077776cb9,-1,23,7,33,25,5783723,0,0,,,
f60441f1e8ed90349e7e2759f13ea7bb,-1,36,65,205,272,58141322,1,1,,,
c85e6c7af8a3f900015d74be4d79ec7f,-1,5,5,9,25,935872,1,2,,,
d5fc6cf8ecee3238f011ffe607c7570a,-1,18,4,30,106,5020923,0,0,,,
ad1e55215111339cbe72132c0da93094,-1,32,86,70,199,16681460,2,3,,,
62770d907e3228917f8b09bb3a7746e4,-1,6,41,8,59,4753793,0,1,,,
5cf6cc94780f2a8f9abccab35907a5b4,-1,64,10,114,160,22975184,27,24,,,
28827e55a24eb90c6ebe500aea95b096,-1,24,38,32,128,26792058,0,0,,,
55654c092cd47b64ec9860f6a9cf3b40,-1,19,13,247,312,22982160,3,1,,,
6b691568e27086d23439d4f98149dacd,-1,0,17,4,13,634,0,0,,,
3b3389c0af8e4fb2bae4a429d8846ee0,-1,4,22,56,104,6621541,0,0,,,
371afbfa699ed5cc19e9a239b7c0fe77,-1,2,10,5,16,756327,0,0,,,
e4ff416fed68527f8ec9e14cfafee488,-1,0,0,1,11,268313,0,0,,,
246ea6d586bd64bce3ad12d53299378f,-1,3,0,18,46,3251075,0,0,,,
e50be3771bccb1410328a7a66dfbb66f,-1,15,7,62,160,10103412,0,0,,,
2283015b5cfc426dd661ea1c4886aba5,-1,4,2,59,126,7611830,0,0,,,
7fac157fc5e281926691bffdc60fbaed,-1,1,11,30,54,2507227,0,0,,,
61b82964a2f4eaf07cb2dea5722ac976,-1,23,9,114,127,11420549,0,0,,,
15e6e68928e7c4627e02e3b8264777da,-1,22,49,51,249,11537393,1,1,,,
cb6d32594861be519f1ca7d841521d80,-1,1,0,21,41,3027630,0,0,,,
a8e8cca625261c61bc0080668457f47f,-1,46,109,92,222,90192627,1,2,,,
16beb1bc4f3979ee96d475f1d7357057,-1,0,9,4,35,864657,0,0,,,
f43fc4a06d0285c2a8301b7dcaadb98a,-1,3,14,3,71,1630514,0,0,,,
58a246aa9f929f59ca26fb5b40f4f512,-1,0,0,9,33,1528127,0,0,,,
f38874cb014a59bd360324ed08250da7,-1,3,34,7,27,2162167,0,0,,,
5ccd0c5c3e25c808d9af3b1cb17f13f8,-1,4,12,15,17,1543949,0,0,,,
7b06744ae66f18fe45e24050fab82c19,-1,22,11,97,98,13736808,1,1,,,
c9e285a573b5534ded164d71f2bb7cfe,-1,1,33,58,127,12273146,0,0,,,
4bff77dd93836a1ad0158ddc50006d54,-1,10,12,47,82,5927118,0,0,,,
b4a7cc0cf36446283cfb6030377f6225,-1,0,3,13,25,2852623,0,0,,,
e7adcadf700b1bebcd620a64ff70b50e,-1,9,1,48,94,5530170,0,0,,,
ac42c59655267772ef60dbc3240f1c3b,-1,6,25,48,94,7845017,13,10,,,
bdd252727956ad7fc42984decf50aece,-1,0,0,0,19,0,0,0,,,
004fbc40e3999cb7575fce07a1fc8b7a,-1,2,10,44,67,5811444,0,0,,,
d0c165103cf3b6b664ffb8f3d00134a2,-1,0,0,0,7,0,0,0,,,
db643e4bb25a651439ff10fe99004692,-1,3,22,20,52,5616518,3,1,,,
3e839f62db663f9848607822ab7746c6,-1,13,1,17,53,3781030,0,0,,,
4b35eee5bd4dd57419137a0c3e51f3f8,-1,2,17,16,57,3759255,0,0,,,
0305ebfffa18c5dd2bba6c7c4b5f8a86,-1,3,1,45,89,4399241,3,3,,,
8908c3aa3932665907d060f1da12857a,-1,0,0,75,129,10004171,1,1,,,
f9339e7ba56d0071f7e911bd17032638,-1,10,3,66,46,7486367,0,0,,,
b2ec8c2a8b24392d0a53e917dd90bf4e,-1,5,14,38,93,5136883,3,3,,,
457103c2c4a7e84883335c204daf43af,-1,0,1,1,40,76544,0,0,,,
bd9badd61f68358ec9aa428d7103baef,-1,0,0,0,9,0,0,0,,,
f1942e857c2b8d1c089b8196a471d2ca,-1,0,1,1,25,86400,0,0,,,
ee020d732f7856e6a2be16ad7678a47b,-1,3,0,38,78,4063070,2,1,,,
593ce82f43c9c82e33b06c90c64f853c,-1,5,38,19,55,3962669,0,0,,,
60e2a285ca63e1f00b26a1dbace52960,-1,0,0,29,43,2776834,0,0,,,
dfa552891560602381677fd279c634fa,-1,0,0,2,10,86353,0,0,,,
38ef03e50c69fd992ec612e314042008,-1,1,0,6,34,602510,0,0,,,
ec96a702a963f578fea797bbfce85a3f,-1,1,8,8,31,2504592,0,0,,,
834186da35c320bb249465721b8ff1e8,-1,19,17,59,138,10599026,7,7,,,
f00b940ee35cbb82a65df9d59494911a,-1,73,24,118,296,30322497,1,1,,,
697095fe4be955390f215f05db0668ec,-1,7,52,18,52,6823440,0,0,,,
9fc115a671bd5d90900a46b4459491c1,-1,17,7,33,65,10065335,0,0,,,
9c8c1135a3adf1061b753115337b4aea,-1,66,68,163,239,24238924,0,0,,,
ca56220ce92ded48c95b9b419c9533fe,-1,5,74,19,65,11878120,1,3,,,
9cbfb66f6801fc5d02ad2f443ea9e767,-1,14,48,73,162,12246673,26,19,,,
354e0e82fffec2d0b8a4413e811431fa,-1,15,18,116,76,11998745,1,1,,,
389d0f934413192ab653672a9ae84b82,-1,4,58,8,79,6306858,0,0,,,
4c59c80e5980590fb3fccfff756a90db,-1,14,23,29,36,6215955,0,0,,,
5d87651a8e368b2696be440e764b441b,-1,5,20,67,116,7348843,1,1,,,
4afe17a4cbb2721ec9cc0f69b7751024,-1,1,1,25,59,3189278,0,0,,,
3c8fcd14aaea6c0338d7ce04457bc6b3,-1,9,73,51,216,20691369,6,5,,,
a13f30b5ecfc3b28af2dee9131e67c2c,-1,2,0,30,47,2068856,0,0,,,
9fe68b79d4b30bab085d521ff5d6e526,-1,5,7,55,83,7706124,1,0,,,
63c16ff5e3475e0a84309b59c32d9045,-1,1,1,32,67,3896336,0,0,,,
a3fefea25d5f8439b5315c47651987ac,-1,12,15,97,323,25236046,0,0,,,
f88c1362a20dc53b304aace9f380b604,-1,0,0,0,6,0,0,0,,,
5dfe60854eb7ba75493cbc8fa22ec35f,-1,1,2,25,59,3341566,6,4,,,
d5f0018f615ac4c8fb02a87aeee99a6b,-1,0,0,0,26,0,0,0,,,
6e5b26fd591f37b8199a8305e95f14ab,-1,41,10,74,126,13920302,11,8,,,
36fdb6cdf48a692f469e16991d8208f5,-1,29,30,59,67,11047567,0,0,,,
3a64601890ce4033321f3344e18441ce,-1,100,138,217,229,33150951,0,0,,,
fdbcea7212595407ba30078ae59e134d,-1,17,43,93,177,14292417,0,0,,,
8f2f174cd0e191805bbfe1b5357aea1a,-1,31,53,297,290,34221560,2,2,,,
4afada7f31915891625c7d702a033122,-1,0,0,22,37,1337296,0,0,,,
b31ba7674c4ce759379f7906b184cb98,-1,50,11,117,200,52857954,0,0,,,
17a1b0cda80e2023bf8c9917bd60edf3,-1,28,78,299,100,30746487,0,0,,,
310932e489362e85e3f083f320f718e2,-1,25,30,90,91,6154489,5,3,,,
a761d1b0468b9f337b50be7d521a0bb6,-1,19,11,47,111,8109199,0,0,,,
51259edd235fa5dc9b249010c0680565,-1,8,1,45,65,3550985,0,0,,,
e41404b50acc10ebde84806b915b24f4,-1,22,150,39,212,16351385,0,0,,,
a16888454b9b4619a557993437a79855,-1,0,0,1,75,0,0,0,,,
ca603a5335f2ed6bc6015e037d341914,-1,51,764,54,450,59880447,0,0,,,
7b8f36ad87d9d39a06590a3004231220,-1,13,4,31,48,4668499,0,0,,,
1884fbcee3a589eb286ffd0af8a643ef,-1,0,0,1,7,214,0,0,,,
ea603abb1fa29bff207f38f63d658e23,-1,0,1,5,18,599168,0,0,,,
6adc1cf250c0de7c38882e7f97e3de89,-1,13,6,44,96,6783631,4,3,,,
f2d141abeb9617d80e221c7656b4765b,-1,8,3,15,23,2247270,0,0,,,
c47d71e670ca4b28fee14d09c8871d2b,-1,25,15,490,138,46804820,0,0,,,
cc3dccfd21e7cf3d64ba3a91674cac55,-1,13,27,23,72,6775410,1,1,,,
5b5a6e1a239dd157f5783945ec7ad283,-1,37,40,74,107,18093798,0,0,,,
53c748aaedd755af706dbd56a48d0c7b,-1,27,73,81,132,16354454,0,0,,,
eaa9fa9a8d844966a14f71bc12edd718,-1,8,29,29,76,6230889,1,1,,,
40d520eb2bc3ef69f81c10284ed822e9,-1,6,28,11,44,1134901,0,0,,,
2b800424bbc2658587c9fbf52543a3da,-1,14,58,9,25,3974353,0,0,,,
c81fcc467a0129b5ac98724d90a08e6a,-1,11,12,87,190,14697234,0,1,,,
173782ddd377658713ee18c139d098d3,-1,177,28,174,299,48523912,2,2,,,
98a2279ae2555821e9cbed53dee823ab,-1,0,0,4,16,718,0,0,,,
16175171f129f3a9a4beddf7fc3fab5d,-1,5,33,15,25,4374682,0,0,,,
edbce027fa5772e7ee958abb81f9927d,-1,14,8,72,190,11586524,1,1,,,
8d54144df232637feb66a71176ae7923,-1,0,2,60,39,4457445,0,0,,,
8fbda40647aca6867f965ab162e1446f,-1,33,3,80,197,12597362,1,0,,,
b3e117a506758d5515298717be6586ab,-1,17,77,9,33,3026733,0,0,,,
b7586bb28674c5793e09844a58b5e34c,-1,114,29,115,315,31653163,4,5,,,
66a59c2d53858d1adb6643485caf847c,-1,0,0,31,59,4996350,0,0,,,
5d2914d933aafc4ccc1fc4798a50a24b,-1,16,2,19,55,3531148,0,0,,,
83d5fab6ebc51dd8321fa65a67e0a21d,-1,3,8,13,71,2127699,1,1,,,
8aa9dd1157240d1a8774120e29f636cf,-1,10,25,10,31,2563298,0,0,,,
50a1e1182fa37d425d2dfe969b442f18,-1,45,8,207,322,35195867,2,1,,,
74b275f11901b2f67dcc3218185e80f1,-1,6,23,12,41,3380553,0,0,,,
c362cd597ca64a70c7e9cb5addadeb8c,-1,52,104,36,263,22627288,0,0,,,
531b9bb83e583802bf372dc00f28106c,-1,14,30,8,79,27035469,0,0,,,
6e689048f8d33a3fea0728385998b772,-1,42,54,340,325,39507595,0,0,,,
e0c51c76e59aac09f46d53ad7bdfd92a,-1,2,2,2,62,86420,0,0,,,
f3ddedc59c1c7f292b81c082bda05c8c,-1,5,84,52,111,17621367,0,0,,,
d328bcc422cdd1b00010f16844d9cbf1,-1,0,0,0,3,0,0,0,,,
fa557cde825dc6d7bfe666e5467e1272,-1,4,2,17,72,2503891,0,0,,,
4330a8f5a569f290ad59dfb497737548,-1,1,22,1,11,1641606,0,0,,,
d690fbe74080991d87062c7c3cee5a46,-1,0,0,15,24,1813853,0,0,,,
464fd3afcbd443e24f6bff649ffe382b,-1,7,1,37,88,5415275,1,1,,,
7139ff089bb07251f1b29bd4e6c87165,-1,7,26,13,30,1551579,0,0,,,
b9796027792fd98e448a5c96dd3e1c50,-1,20,123,50,97,13072698,0,0,,,
6b27bbf7471007c341635183f4d70348,-1,2,12,17,49,5096464,0,0,,,
5848d1c8ba03e614c4843b5c9257b36d,-1,47,82,56,156,19090801,0,0,,,
c319bb08009555b2f1115a12275169c7,-1,0,0,0,13,0,0,0,,,
13d9ae7351be21a423721b304a9ea6a5,-1,26,31,160,208,16343434,0,0,,,
1fe99950942596da49ee8af3c0968e44,-1,37,117,86,162,26181924,4,4,,,
50be8c0f120b35287cf7cbd4eb46cc5d,-1,1,6,64,54,7732344,0,0,,,
df6dc4c9958dd27e7c082d512884ea78,-1,784,40,1994,751,211040386,1,1,,,
b55cf3c34a097e0e55100dce68c92d27,-1,1,11,4,104,1458116,0,0,,,
b39725daab956c160a4cd897256cee94,-1,0,0,0,139,0,0,0,,,
ca53b6c666b00a23cc3f3f5886557ba1,-1,26,122,28,109,14633457,0,0,,,
282917a7bb5a2ef2369357ef8ee24380,-1,6,7,53,71,7049709,0,0,,,
7ced00621fcd6a90962ff592922342e3,-1,2,7,15,67,2119096,0,0,,,
18c977cf54a3b3506224f460c5802ba3,-1,2,1,159,63,5160594,1,0,,,
e6b31d31455f4b00a83e201ccdbec10f,-1,151,102,517,346,64056186,7,4,,,
727a929693b687d05ca781f307852be1,-1,35,45,280,365,49499939,2,1,,,
56046cb292cfcbac8ef579bb726bd672,-1,7,39,30,111,13163881,1,2,,,
a69a4f6f892badbaa6b371d503829311,-1,20,192,110,172,27277213,2,2,,,
fb37bcb6c13988d481596926f33dbc2d,-1,0,0,5,21,780228,0,0,,,
e36458289d2fdf3ad5c5e9cba84bc799,-1,13,178,238,268,37585806,0,0,,,
69d0a1c51c57ed3d17085a451d9ff069,-1,2,1,0,36,952011,2,1,,,
ea4a1d3d6288ddd7a539849651a4271f,-1,9,3,626,337,47399663,0,0,,,
5d7f545a89bce1f818e10c0a04145553,-1,5,1,17,37,2832236,0,0,,,
c4d4c478971e799eb7eaa6dd041c082f,-1,0,1,0,11,172802,0,0,,,
96a89c51fd68f6926abf6b2d18e9a2e5,-1,16,13,15,39,2258879,0,0,,,
dd4cb4ac696c9579cf65226c97fe8dfa,-1,0,15,2,24,1468795,0,0,,,
4f25761ecd9f9345f95b9b297d2f3cfc,-1,0,0,0,2,0,0,0,,,
f2725f2279085353e1dbee1e8fcc2ff5,-1,8,6,45,88,3871176,0,0,,,
fce0e51b10d7f4efe24277dda4ac647a,-1,39,187,32,181,17132990,1,3,,,
771b8328dd14a253793e811a666ca4ff,-1,29,110,191,256,34818688,1,3,,,
8e224da6fa9b5938b5b97d94859bca98,-1,74,36,96,137,15399655,9,9,,,
e440506328d9d430e9b5c296b1a1ab87,-1,0,5,41,114,4325464,1,1,,,
92e1534c2c9460864e900988123e731b,-1,21,15,73,179,12252284,18,7,,,
fba2341ba8d4284dec542c8554a11f41,-1,13,17,107,303,16825776,0,0,,,
baf215ba79d0ff1397987868bf23bde3,-1,16,0,123,79,9080158,0,0,,,
8dbb9d05e71702c810a71b0afa48b16d,-1,6,10,117,47,6743235,0,0,,,
1733476c23937f0c7729558671754e13,-1,19,123,37,81,25568716,0,0,,,
b341550cdaf7b822b83e3ac39ed936be,-1,23,17,109,112,14986621,1,0,,,
6331ffd91b36d8d85c924258f584e02a,-1,5,258,59,69,14214716,0,0,,,
9b918785d1fb575c5f4e7f22b8336186,-1,20,2,65,66,7388993,0,0,,,
2b3e50751d18ebb0ff18f258640a3244,-1,26,8,49,211,12799681,0,0,,,
6e7c876a3931bd22102e1f8c17381435,-1,1,1,5,25,183870,0,0,,,
782c137a1e947f7fd07bcda78d6ff18d,-1,14,11,37,83,6810483,0,0,,,
ca4ef637704149a5ced60d4fc8c60f66,-1,0,0,16,39,1187456,0,0,,,
7c3c939fe7ba55e7620b3e70f3fb8dc1,-1,27,16,53,86,8887576,6,3,,,
292bfac5fb3f23e0201ece8f605688c1,-1,29,9,102,124,13976472,0,0,,,
34119d7b04cfbaf1cc7cb519c331e9b0,-1,0,0,0,3,32,0,0,,,
96ef1c0ad6eaa5e4fd19c4e15efaf0b3,-1,50,9,61,167,12530519,1,1,,,
1f7d820ebcacaf82188ee1d05ed42c65,-1,0,1,1,26,903127,0,0,,,
5aa79234d040cc6a78179440e57564f1,-1,22,7,34,65,8898338,11,12,,,
90b7a11fa06ef80c27daccacfccbae7b,-1,1,1,15,38,3451165,0,0,,,
2c2606f0a6b939c56659c769e28ea0ad,-1,46,40,126,292,19340351,4,2,,,
467f0afdb687092351f7949cc709d037,-1,6,18,40,79,12928738,0,0,,,
73a7df4613e21db188a86ad35cee20ad,-1,15,60,47,96,9159443,0,0,,,
351ec828d86d6471dfd41b14a827256d,-1,2,0,30,48,2367198,0,0,,,
19272f8e0cdccbf19a9b30c5412d7339,-1,0,0,11,32,1390918,0,0,,,
0a06293559b7a7b23d001d7b611b65a7,-1,0,0,1,17,172348,0,0,,,
7363b5ea8fddd0db26dc938eb6b7edc8,-1,1,14,55,64,5962446,0,0,,,
800db7de374da923c5d8810ef76be167,-1,0,0,0,11,0,0,0,,,
68b8461cbf0f104796da095c41abe5d0,-1,10,103,42,102,12047170,0,0,,,
c64c213ee79999ab764ed6ff0d2cf8f8,-1,0,1,11,29,1170154,0,0,,,
7d38dd5ba83d450dc3b5d3fb48561b37,-1,4,3,25,62,3281893,0,0,,,
60df4e6570e05a55ed6761bd255d7ec7,-1,52,97,224,232,21773560,3,4,,,
529a922790666dd82381b39bb4961785,-1,57,54,256,310,34754487,0,0,,,
2325e333cd63db1e1c8afb7dcb9be5ff,-1,26,9,105,172,14390122,0,0,,,
d9f2cf5f60f5c0a2d79a1e2f74d97a6b,-1,1,3,20,25,1320586,3,3,,,
345ef86022bf6173e0077f6e0e2d9628,-1,1,7,18,41,5902430,2,3,,,
960c0f7a0e4acc13d9f5b16f57840ff8,-1,6,0,4,34,1295657,0,0,,,
6c957c6e786675b34b6c356d036c3b9c,-1,19,81,68,183,17349022,0,0,,,
c93036aa80f272dbdcce70a4a9c8c423,-1,2,2,40,54,4759298,0,0,,,
c2d441bc4d16a5866ee3bd400da8b2ad,-1,59,15,242,281,30419849,3,2,,,
45a8d32eac0453d4bbebf8adab62ea29,-1,0,0,0,5,0,0,0,,,
b8de3ddda151cc0f6f4d1195b547cb60,-1,18,7,127,217,17189943,0,0,,,
b13345a7a393cba171a3f05384f27d78,-1,6,1,48,89,7937873,0,0,,,
8aa6a2ef5a15525796fb149eaa21f06b,-1,36,5,122,199,14797074,0,0,,,
e32ca88d980d8e61b54d0c276fad6699,-1,0,0,0,10,0,0,0,,,
dc4353aff25597ddc34e795c84183e1c,-1,28,153,132,237,23321765,1,1,,,
631f76f527c87dd4b5f816c377a078ab,-1,23,3,41,89,6121049,0,0,,,
c68a17610c8d4de3b06d35b277da8ba1,-1,22,30,12,37,6407726,0,0,,,
770713e01fe7c4a014e745eab7728adc,-1,7,13,119,180,12527638,0,0,,,
1d756ef4c648b1dbf747349b24a490bd,-1,107,902,157,205,65386726,0,0,,,
d501828712e2e9683c590706935e96a8,-1,0,0,14,34,1460695,0,0,,,
a97b4f205e7a046b019e788b70466034,-1,0,8,12,35,2413458,0,0,,,
bed8ba841499f0aff7a371170f8697d9,-1,18,76,26,151,8469595,2,0,,,
d0410a5b2082fb40bd999cd9d8995f53,-1,0,0,0,5,0,0,0,,,
0a7d74b0871af4c6e2373b28f9a60734,-1,9,17,104,129,13564497,0,0,,,
87d054dc9268cc14ae050b806c5b22f7,-1,27,34,75,191,13734926,0,0,,,
e5d7d351579000c79b3845f36560d68f,-1,101,243,194,313,58979362,4,5,,,
1053139698a2943d29e9794bffa1d22c,-1,10,11,36,98,8301011,2,2,,,
4a5177e4df952e9e21d67f317431b03f,-1,13,30,41,124,9991379,0,0,,,
8dd6cfb0c734f6955531ba843deca6a7,-1,2,0,5,19,991885,0,0,,,
934c38eebdc0589394f914c4a22f5fea,-1,80,167,149,213,28515737,0,0,,,
b6f8fc3c6de46b4742bfedd84265e783,-1,0,2,3,6,279136,0,0,,,
b3f2b4d369072a15fbe8a2cfb75b4e80,-1,0,0,2,11,173035,0,0,,,
b488835a7fa75bf8472355fc8cb7e31f,-1,99,54,264,343,39248935,1,1,,,
65db85a2a6625642c60d83983a35f806,-1,4,11,22,40,4769040,3,2,,,
f14cd019c3c319d689f5c3de3bd697b5,-1,0,14,1,10,2505538,0,0,,,
9eb012df9e0f18b2bcd2b6847b59b6b1,-1,43,253,116,112,20825367,2,0,,,
adbaab29c49e500e4cec4674cb2b9eb0,-1,13,0,32,43,5258387,0,0,,,
18b01c7872dd4a9ecd73f013ed92dbd7,-1,33,67,74,231,12862042,0,0,,,
44b54f70ff72e94445c7cb30aaae7968,-1,7,63,45,103,10969564,0,0,,,
02d016ff489b444e918a67d2fb4ccc10,-1,10,7,38,104,7260112,6,5,,,
0e47092ded9ae041c9cc4c942064d7ff,-1,14,68,17,97,23530202,0,1,,,
135ac6b21d7999cc13518c8db313bf3d,-1,18,8,49,133,10273117,3,3,,,
890b7f60087520eeb6b104903fc75aec,-1,2,5,20,11,1814692,0,0,,,
94b44983d2c983260c5066d03818cff9,-1,25,6,62,108,7996338,0,0,,,
3bc447452a45751590f7469847b0ad9c,-1,7,11,13,21,2835379,1,1,,,
a96daac766f62d32f078a3a5cf731152,-1,4,44,1,49,966137,0,0,,,
c5aa73ec508bda013c7462a53cac1899,-1,4,16,13,63,3565908,3,3,,,
783fc91496d910c2cc22f1f62d3cb75d,-1,25,42,257,326,35569213,0,0,,,
ef7d522b4e65884857b3fe4eff283787,-1,2,0,111,196,19355230,0,0,,,
a317df3759c7f72e7d92e0a53bad9c4a,-1,36,23,119,290,18422283,11,5,,,
1a125aee9bca1339fbd1f4644bfe34f5,-1,0,0,12,48,3384715,0,0,,,
7386253f8467e90d0b718bf9ede02f5c,-1,87,47,80,218,21233299,8,13,,,
32b8d24dc819a7f27cdcef076734a66c,-1,0,0,1,21,86169,0,0,,,
309bfc192b075005b1e6fac44299d5bd,-1,0,0,8,37,1228879,0,0,,,
77ac186af5b1d0cfcda66075da25b329,-1,0,19,5,16,47927245,0,0,,,
9a8ce01a1a8e85fbef4df87307b8d554,-1,27,64,75,200,17882015,0,0,,,
5c22914dced8444bf5cc8b8d8f123f44,-1,6,7,21,45,3976791,0,0,,,
dfff9619abd77e51943f2e250a3f191e,-1,0,0,1,35,0,0,0,,,
51e99c26d15c85c98b0556693631c639,-1,18,1,23,51,2250039,0,0,,,
8cc90cb2396d4664d5b9c81f16374805,-1,0,0,0,2,0,0,0,,,
a546297bedf40bab78953ac7e9aaf3d6,-1,5,2,21,42,3372699,4,2,,,
e33ff30ef653bae57cda23d98c2d61b9,-1,1,4,21,111,2629100,0,0,,,
cdaa163bb161cbb1d21298f9bcad092f,-1,10,12,59,220,15642133,3,2,,,
908554d1d93ac70d8524c5c21a90b1ec,-1,0,1,0,42,0,0,0,,,
20fb17a368d73a4e7e1f92492aefb153,-1,0,0,1,3,86360,0,0,,,
82fad28260d3eb451c16a3415fbef795,-1,133,329,119,288,49931239,5,6,,,
b9e6e6e9ae24bca52ed60ff7c10b7507,-1,10,10,104,139,12041494,0,0,,,
227e2f56b6be5c752581f50ede79409a,-1,9,6,339,283,35080960,1,2,,,
c95cf870a9916aed871b68b6ad3b923f,-1,0,8,3,17,278,0,0,,,
ca62cc5d31213dd1aff172d20160fbf8,-1,1,0,20,47,3656976,0,0,,,
26a0ba330ae40247c93f288049632550,-1,18,185,22,149,12875850,0,0,,,
3542c68d52e06ac8204100a59494fe27,-1,0,0,0,1,0,0,0,,,
556993fcea0c1c92021956afc2111ae3,-1,7,0,38,211,9490105,0,0,,,
e4952b74221a1d073abfdf25f0031e5a,-1,9,10,70,151,8742795,0,0,,,
a2e8417ac57568854f35ff5df97b4a8a,-1,41,32,44,194,13860802,11,6,,,
cd16b18509b96eafba084b7aa880a504,-1,7,1,31,52,2886621,0,0,,,
c4e1ab9c74166dad293f0b48fa9c5d5a,-1,62,56,187,232,26735690,1,1,,,
47c0d727790fa2b00ff2aff767d68bc0,-1,0,0,6,13,2017004,0,0,,,
59bb11c9f6261b2d77d3c69bd4d9e8b9,-1,1,35,26,83,4586991,1,0,,,
27f62d81502486f7bfd577b0f60f27c2,-1,2,0,27,87,3650035,0,0,,,
17ad607f5b734b23fbff984d9772f9d6,-1,0,0,1,5,86396,0,0,,,
9cf20e8ed88479b36848359459b5f944,-1,16,195,56,302,23840879,0,0,,,
80fac6d32a065e0ad85cda8d072c23d1,-1,0,1,25,74,2870780,0,0,,,
80bac3c73e7a562eccb6d7316647330f,-1,0,55,11,60,3524757,0,0,,,
d426660f49bcd6eab5e2a00322f179fe,-1,87,8,396,276,48910008,0,0,,,
0ec5da526c9cdd6273f9f18e0f7d354f,-1,89,11,74,176,12955814,0,0,,,
eefe7e0a010724fd9886b40d62390f4c,-1,12,17,71,124,9185572,0,0,,,
35182d1dd319e982c001486955773aaf,-1,3,44,72,178,15277204,1,1,,,
c3e3f3fb9818372c08cfa771e80ae614,-1,38,13,86,202,15689166,8,9,,,
ed5c85aca02fc11b44b168c73315ea1f,-1,18,56,70,116,18069619,5,4,,,
5d416b6760825117c1ebdfb9e09624c7,-1,3,7,47,48,4666465,1,1,,,
82709a5c5895c146ce0f389a89ce9bbe,-1,13,1,32,60,6118134,2,4,,,
99553c6e3e20e39d8cc505e7878998ba,-1,10,15,10,238,711955,0,0,,,
79314076ac9e6d043a8b89a25e6a9dc0,-1,0,1,3,8,518993,1,1,,,
44fa47d6b5b823bda9a0a80ff3343d74,-1,19,9,257,224,27333748,0,0,,,
542eb6d3f09edbc267c029d1db13a008,-1,223,203,332,285,50683638,1,1,,,
7de07e058e2ce0c79690e6ab8173889c,-1,0,0,0,28,0,0,0,,,
2e5c4eeacf2f5e4ba6f73b16ed3df1b8,-1,6,3,19,36,2678960,0,0,,,
325c7b3d86098b6096a0b25a262d3dcf,-1,9,0,68,63,6833417,0,0,,,
201370a21749aad003df6a60f5d24eed,-1,0,0,11,38,1693212,0,0,,,
af3af22dc06ddf0d814091b4e3890c55,-1,42,589,48,86,28513238,0,0,,,
c2d9ff6396c42fbcb84dd191ea546397,-1,0,0,1,93,180326,0,0,,,
91a1eda8f5249d69e881ff138fc4f5bb,-1,1,4,23,17,5147478,0,0,,,
66b2e17fa64d323454045415a4b63ee9,-1,0,1,2,21,517191,0,0,,,
ee3339c925a5d90cb82396bd76aed818,-1,0,4,1,26,518413,0,0,,,
0b3438e4e0e12be902082fc03b3447bc,-1,0,0,4,24,436558,0,0,,,
d51567360301648a736238283ae86e08,-1,0,0,45,101,4303065,0,0,,,
0425ec756d3d6746c5a4c2305d56166d,-1,1,20,9,67,1320699,0,0,,,
130c060c79c12e6099314638ba54c20d,-1,0,0,2,43,431445,0,0,,,
ab0017ce105ecc121919bd73d6a9cb7b,-1,32,11,69,187,13206458,0,0,,,
4ec008866253f976ad7264f35abce996,-1,26,0,111,127,14942140,0,0,,,
df3a4a11ff4313d446d6a3eb38a27d1b,-1,0,7,34,74,3921660,3,3,,,
2e0e289de98364e490e241f6bfaa9ae8,-1,17,3,79,215,14248319,0,0,,,
a6fd3f40c4a7d568eee1554b44cfb643,-1,27,6,38,65,6525593,0,0,,,
e3446a5b34155df15bec165955bf5c69,-1,15,49,528,264,51933833,4,3,,,
8bf5763f73e41d43c0b2baa77e208680,-1,18,23,108,186,17422167,1,1,,,
3f5d08f9574b70e199aea85feea640a3,-1,11,16,79,155,14511412,0,0,,,
14562470bedc02a3f3612f114506ed05,-1,13,18,459,274,44245297,1,1,,,
641bfc88cd8166ad5f4b390743ebede7,-1,14,27,129,209,17574781,0,0,,,
e90454d9204051a6a853126272688b28,-1,24,14,124,269,19870165,22,15,,,
a4eb7e353bd0e7bfd1731df7fd740472,-1,126,8,199,305,32397236,0,0,,,
e98a3314bb601fba7a6a4e7949dc4258,-1,0,0,1,7,604511,0,0,,,
48c301c2780d064970a45458daf9d0ae,-1,1,7,25,54,2685997,0,0,,,
88c0e0ea4cf864f7f05ad0eda36e8238,-1,132,56,80,226,23426441,5,4,,,
3d92f9084d42c82386c5f56df05ad4ec,-1,77,94,138,282,51060073,18,18,,,
2c3a39a0c8d9615db54ac8f32027c525,-1,6,6,22,95,4132601,0,0,,,
175318c78da9e09fa9dac54c988cd593,-1,29,0,216,293,22564767,0,0,,,
e9fb90dbab4809b4d088a06f040f29f0,-1,30,14,42,96,2932712,0,0,,,
13b8284ba34ad8c3f0935f6f36b34a35,-1,0,0,0,6,0,0,0,,,
53bf8af2e47337a6ea2b9b7ab61868f3,-1,4,0,109,205,11735994,0,0,,,
f517515c74066b20f668adeda1face7f,-1,0,0,2,5,136,0,0,,,
6e1ceb838bf05299ae3ac2dfb3eb2fc0,-1,0,0,0,40,0,0,0,,,
b36755bee3d61e4960795a65caa58b70,-1,0,0,0,3,0,0,0,,,
b19c01294b94112ad54a777c01649541,-1,2,0,1,121,259201,0,0,,,
bcc098cf589cb186063d1c3757f5b059,-1,0,0,0,34,518531,0,0,,,
e032217229477fa0ce7ff2a68ae10493,-1,9,10,57,192,9514023,7,7,,,
49fb02e2c4ae2fa7192981c08f5d928e,-1,31,7,146,136,20208828,3,3,,,
10df8bf40cc84a401ee85d28679a7c9d,-1,1,3,6,5,257165,0,0,,,
7ebba609a5b4596e72ea4fbfc0f051b4,-1,6,6,25,50,4300729,1,1,,,
9e39a14d0c09874ca7f7d4e7d00f74a6,-1,2,0,4,122,730696,0,0,,,
f1c662d5182232c2996056a99263c15b,-1,9,10,45,139,7459745,5,5,,,
7488ac39e90290b9a588b6748444e6d2,-1,29,36,84,273,18835406,1,0,,,
4d57169968807b7a285053b8964e9162,-1,24,8,313,297,47052051,22,11,,,
2ec1dd55f9ef3faaed0e84330b3b421d,-1,9,0,34,53,5051179,0,0,,,
9761694d82a89191dd26e015124380a0,-1,0,0,32,67,3178613,0,0,,,
d503a45d4a0b5139f9c7bb65e4786414,-1,2,0,48,55,3886116,0,0,,,
48e5414d3e18e0a103685eb163c5c248,-1,0,7,4,30,863951,0,0,,,
7d955692642d680b0be8cbf0810fbec8,-1,57,27,147,208,16207977,0,0,,,
70de297a94bd6b4095ef90948085b029,-1,16,5,180,165,16847203,0,0,,,
3b66ee7d09ada92a613eaab7a5154236,-1,2,2,6,18,515175,0,0,,,
809df1a1dbe479693d26d1910e5f4080,-1,0,0,0,17,0,0,0,,,
976bb30ff326f8c387e1282df3f28802,-1,1,4,3,28,863779,0,0,,,
23c193af8d2ec56200d4f29eeb554f5a,-1,39,49,198,392,25044368,0,0,,,
74433c47784f74c19c159d3e48478c7e,-1,15,88,37,93,17156649,0,0,,,
07f24ce500e55881770dab03ba817bde,-1,19,19,58,101,7112310,1,0,,,
cb7d67351baf2de76d0825cd6603fd6f,-1,0,0,10,168,949596,0,0,,,
1bbc9554ce2b61e2d8bd1d9df21ae70d,-1,253,38,128,323,41562643,1,1,,,
9cb49c654900a68edef151f2d9542c46,-1,6,2,67,52,7081829,0,0,,,
29ceb2280acdcf257fa4d8c8fee320f6,-1,0,0,0,24,0,0,0,,,
aaf63e4b38e9b1a405f20ebe6034d93f,-1,19,5,48,85,7166495,0,0,,,
761709ac719ea2cbf3f5df097800b417,-1,130,76,318,264,46599814,25,25,,,
bfc846c1f77d4e435ea81a79021b3ab0,-1,3,13,42,136,10009020,3,1,,,
27825beef557a1e899641d88a0d68ef6,-1,2,0,12,31,1712103,0,0,,,
ad38ca860ea87d015aa54d7a9479f74e,-1,21,17,141,231,17533917,8,4,,,
aa9d3d514531be10ffba18a306f6316b,-1,9,54,66,114,11316965,0,0,,,
bc8b21469bdc215d9be80d645a03bfa5,-1,0,1,8,37,1113428,0,0,,,
376cb63d36c8e79b249c88e3342f8302,-1,3,15,11,98,5519276,16,13,,,
c36e658eeeea6c77854312d459670a22,-1,72,47,126,135,24197975,0,0,,,
dcfd1feaaed89772bbfe03c4420ed004,-1,5,5,37,76,4659816,0,0,,,
432f06786d5c608f2873f2f3c2df70e3,-1,41,51,73,254,15278987,1,1,,,
ae5540de34319aa056d85305b04f2e3e,-1,4,1,83,100,8845064,0,1,,,
6e5797fdd80fc59c33b8c8cd4194536e,-1,0,91,32,109,9051083,0,0,,,
f75d27a511bf629fc66d96750dfe9016,-1,0,0,1,18,56,0,0,,,
d54f68ae2844185b8fca1c21ac8e48a5,-1,0,0,0,10,86369,0,0,,,
eef4eff8864096e2c7b9a6e40741dcf1,-1,8,8,91,153,10976869,0,0,,,
32806cb69e00ddaaf3847937c32700c8,-1,0,1,18,31,1777150,0,0,,,
0ccf867007b3cf0127070b632b7404f6,-1,11,34,35,63,6051572,1,1,,,
0750407303208094a9c6541b920ede51,-1,1,0,24,41,2016340,0,0,,,
02e395caaa76c1b26158f18fc8343f38,-1,81,57,253,277,35747299,0,0,,,
29d46fe286f5d7444a818c8b73e80a25,-1,5,45,32,50,4317727,0,0,,,
736bf5cda0b19dcddfbbeaaf468acf6c,-1,34,56,170,425,38548763,0,0,,,
3dc75d469ed4aca667cdb4f1657e5a56,-1,34,159,41,92,13639422,6,6,,,
aef8e63c2ea5ddd65d2f41b7942832d1,-1,0,0,0,1,0,0,0,,,
56313c8d002d87e4d156c6d38319e4bd,-1,28,40,144,191,18870096,2,0,,,
8cdfb2cc211974dd2cf2a741f2d6e148,-1,19,44,18,63,6199739,2,3,,,
14749a07656cf1c52679f4fad8f5c549,-1,8,28,49,138,8899476,0,0,,,
8c16b99ba84540293c4df549515d9837,-1,6,8,28,74,4762590,0,0,,,
fe1e8f849148b99ab30f93c9617d93a2,-1,31,58,141,292,24031491,0,0,,,
9be4560e0e67a5f12877fbeed5cb8b57,-1,27,24,83,193,14180269,0,0,,,
ba1ef43fa86fe79484e725b52aa9ef22,-1,0,0,0,1,0,0,0,,,
67b232317a1a03e1ec50055c4ce0a8d1,-1,34,33,98,204,14835706,0,0,,,
bfb55dc5c1c7b89ed8a9a15995549767,-1,0,0,1,46,7744,0,0,,,
63042442d9c36691d7d425e54d48e642,-1,19,20,37,84,8470643,0,0,,,
a3547ff6c72977a646ee847accf8c5f1,-1,0,3,13,40,1809429,0,0,,,
280376c57e93e369027d6a07a3b3e4c4,-1,1,10,77,154,9754039,0,0,,,
bb3d1683ea11de37af1ffea72851752a,-1,68,535,46,437,61775273,0,0,,,
04c853120233cacd1f5ffda8e98038d6,-1,107,215,252,423,53429294,22,12,,,
8d16b74a1f8a4cae83e916f25b37724d,-1,1,0,14,34,954351,0,0,,,
17e1dbe5b91bf1c3b494e6e3bdf27c3c,-1,4,132,8,163,20722563,0,0,,,
4edd24d97b281c6ee1826f0d44c51bc2,-1,8,14,192,132,18640510,0,0,,,
fab6e4f14321ce27d84925bc5ed49358,-1,2,29,3,29,3974800,0,0,,,
2daba66a0a21b9498daf513bdcb5ecde,-1,0,0,6,25,692116,0,0,,,
bb02dfe7ccb2f39f20ee39442b9e477b,-1,11,16,22,87,2942374,0,0,,,
ab47a12442ce28cbbc95f2c464f9a7dd,-1,39,234,72,167,24509104,2,3,,,
802f5348954027db78280a3db74674ef,-1,0,16,13,34,1126300,1,0,,,
ea996c29ed6e99e88185398e6a1befbf,-1,21,49,36,65,10128921,0,0,,,
df1fbfd1f364e2ebfab0f0b5e30b8c19,-1,5,10,39,88,9588264,0,0,,,
6dc4900755f1feefd378dc71febd4c92,-1,13,32,12,33,3787907,0,0,,,
34f49a07891cc3e590ee9a9b09b0d1b3,-1,1,2,10,140,1719073,0,0,,,
e59631f080cdb7f17f8ee950faa2a5a5,-1,0,9,11,26,2756497,0,0,,,
d9eeddcdf579c83ec8491aeab98facd7,-1,26,8,58,147,11165952,0,0,,,
40fcffae7a6eb1a62cf6cfcda92e98b7,-1,18,5,129,121,18919855,0,0,,,
2ebfe68fd51a37f6ac37009d4e963d8e,-1,1,13,5,31,1176775,0,0,,,
63070a2736bea501b473665cbaf2a4fe,-1,5,5,8,84,3283253,2,2,,,
471770adceef8802ac64caf98545c79b,-1,1,259,16,27,14257585,0,0,,,
d1389222f46b6018d87d801b68257da0,-1,0,0,3,13,311416,0,0,,,
c67fa76a6de907eaba8b69d1f668b890,-1,11,10,12,51,6544931,0,0,,,
44fa7cd2938cbf42511f38031f0853a9,-1,5,8,57,103,7487886,6,4,,,
f550265453f6c39ce1c414ceff57e1c3,-1,0,8,15,34,517300,2,1,,,
abc4bc6720580ae623245c2e54f731c9,-1,5,13,13,66,3045689,0,0,,,
5e9006351f6d3770015a77499a07db11,-1,2,2,7,22,1470130,1,0,,,
fbeb82de77b72c5e5d710783032ea594,-1,0,0,4,8,514634,0,0,,,
ec3312ccbd503e5d3341604fdb384324,-1,8,90,92,271,17936255,0,0,,,
45885fbb50e342b2e12ad10be4280c73,-1,0,6,0,8,1036762,0,0,,,
9ac1cfa027ce2aedfcf982e6646fbc5f,-1,4,16,21,59,2680787,0,0,,,
e2bff09f61a6013df9859da286a66ca0,-1,21,4,72,151,10437112,0,0,,,
13e0b2610fd75831f73bf4521032187e,-1,5,4,8,21,1814377,0,0,,,
a41398fe873f132a6ce64cdec0545e4f,-1,10,24,60,180,11387147,0,0,,,
483862460405247d16049c7b2e0bc267,-1,4,103,9,81,12009968,0,0,,,
fab17de33f7a647d7abaa44c58a4372e,-1,3,1,27,105,3851035,0,0,,,
47090b2ac8b3c565ae787616db3b4fe1,-1,0,0,15,29,2855580,13,10,,,
e056753c7280a06d602f5ce6ac216147,-1,1,0,29,163,5278937,0,0,,,
dbed0e67cab606e1aa4f679d4577159e,-1,0,3,1,21,604790,0,0,,,
2d77f2f2e1078b0bca31a46973577c1a,-1,40,38,190,218,27551185,3,2,,,
caefe5695e8c5121ba3e8fe73ba1f76a,-1,1,0,13,49,1645818,0,0,,,
cee9f5991f00478fa77b5da535ae5548,-1,3,12,8,49,2169085,0,0,,,
0493d4b78d9aaf82a87ac0838a4c03d9,-1,0,0,0,30,0,0,0,,,
6bc0283050250636014c98b10dbb673b,-1,4,2,28,81,3630812,0,0,,,
a3b97c4a16266b92a09323b9938b1794,-1,47,53,121,209,18255639,1,1,,,
813cf7bc5b7147a3ba46b8af5f96e231,-1,1,4,14,48,2240213,0,0,,,
2abe849467ed96aa2b7ec2a1aa92a277,-1,14,27,4,86,6620904,0,0,,,
460e5472d9b4805137f19a99a983143d,-1,95,45,316,205,46820735,0,0,,,
ef47384101aa003b47569c44b849a5ff,-1,3,0,11,19,957998,0,0,,,
00a98ff25199a9bab6cb5954be4f6d27,-1,4,3,31,62,3889474,11,12,,,
2a6c1e649db8e481e89431886e508084,-1,9,8,65,94,8471481,0,0,,,
a953cd06d2f59e7e1497afe0e6a873e5,-1,9,102,71,133,10097746,0,0,,,
3c0b73e98f2f795e60d585a26392c73c,-1,28,194,41,257,21511097,0,0,,,
d7a9bdf4501883b3fa0fda76a7d6af3a,-1,16,35,59,125,9826962,0,0,,,
470bb1ea1216d6fcaa852ab8d3fa2db3,-1,28,43,50,122,10806520,10,12,,,
635b4f5fc7d03b744151ca04da4e1225,-1,4,7,18,46,3367848,1,0,,,
8b9190ca6a5a12cc6e4159ee8ed0f2d4,-1,66,234,47,292,36645334,0,0,,,
52923a45d40fbf49ec35400618fcbda7,-1,16,32,45,118,7517702,0,0,,,
df534f8aee9809a239959b95abc4ca86,-1,69,202,112,295,32360056,0,0,,,
520a23e30a8b02c808af283db6378c2f,-1,0,0,8,25,1210627,1,1,,,
2df07fe7ea63c2da82c1ced7fdc33819,-1,16,2,300,169,26006967,0,0,,,
dc99cd55b8d92abc7118fbbe9378aec7,-1,0,0,8,49,1381350,0,0,,,
7e07b0d02c8ba9aa4ed30bad390aa1ca,-1,29,19,825,247,71277152,1,1,,,
169b20dd58e5d1aebe3ce1c905d8c20b,-1,0,3,10,18,2505205,0,0,,,
6f10183ede0b5b19fb6e83092433a04f,-1,2,0,2,13,242,0,0,,,
dd168b7a9fe7b898226ec5dd25c52b49,-1,39,11,134,231,14650768,2,2,,,
c756a7732569d04a4f6e623235d5f799,-1,12,66,102,112,14337831,2,3,,,
2e5b98039399208adab30d166fd72de8,-1,2,3,32,56,4925720,0,0,,,
49c83ac691774e3c05349e09fff15157,-1,11,123,22,167,14077414,0,0,,,
2b0f35c6846bbc92c8afff0605430fcd,-1,0,0,0,9,0,0,0,,,
8eb5c4d1cc06e181bbf73815e88a0f7f,-1,41,615,78,155,37748543,0,0,,,
f960164823b875d38c2e38e63c27461e,-1,0,0,1,86,187,0,0,,,
ce1088269bcbfa94acc5abad5bd8d5fe,-1,39,38,101,222,20268837,10,11,,,
962401108f48f32d5c33ea896a6b0fec,-1,0,0,17,39,1984997,0,0,,,
ca10b63d2833f363f9314f62dd83f053,-1,0,0,0,3,0,0,0,,,
864d03900059217fcecf04004e73dfd4,-1,21,244,66,103,22382290,0,0,,,
a7f04e6e7fa04b0d27402a1ea213f894,-1,5,13,24,115,1997491,0,0,,,
df34acbd45c683a963aebff5e04512dc,-1,3,12,25,46,2825402,0,0,,,
b26e09861e6e1dbdd14ca1a0bbdc1a62,-1,26,23,39,94,9672599,0,0,,,
53a3ae9ccfc4ca4df66e42aa7447549f,-1,6,5,6,26,780854,2,1,,,
ab262eb65130d7f6d660bdf30b7706bd,-1,10,6,107,131,13626414,3,3,,,
8cb09121ed487b35cda0caf0e600c3f8,-1,54,30,90,283,22329225,0,0,,,
26568da2aa633fadec134897cb080474,-1,5,1,16,27,1492248,1,2,,,
2ebb47d9aeafad05fcad57ca007bda39,-1,3,2,5,8,1727029,0,0,,,
b0d21870156de6ed670e4ad4315f3d83,-1,0,2,1,50,345567,0,0,,,
b4d2b72d63f1d8071db92fd8cd91834f,-1,0,8,2,115,522167,0,0,,,
7c89752762d6fcb420d6c97c0a4f8aac,-1,11,4,19,50,2318371,1,1,,,
d5f493d5ab432377ff4f50778d2edc0e,-1,3,11,54,154,8487892,0,0,,,
ffaa3ac32bdc5c22ca21e8b2d0e12ad3,-1,19,34,107,154,8867941,0,0,,,
2f5e9ad8c71ec36e3c4f9fffaa0310d9,-1,41,121,37,119,12101437,4,2,,,
56e2e4223c2bd58ce71270f3ef4326b3,-1,5,7,15,34,3025921,0,0,,,
3b2d1606a9e8f743ae00ba565c251abc,-1,51,289,466,467,73713681,6,3,,,
42c66a3abca12b7bfec572a4ee793688,-1,133,73,141,281,44666932,1,1,,,
3154d1ddbbe38075a054d20b16531987,-1,44,95,163,201,27479482,0,0,,,
b64186fa851beb21867612cb5d08afbc,-1,3,11,1,72,1093619,0,0,,,
ea4ed33c93bb5c4add9681b502893090,-1,12,87,79,115,14820105,6,6,,,
b87609f2f8056bdd9ee9ac43230458d6,-1,1,7,7,27,1728773,0,0,,,
6f602021b80209b7cafdc0108ea9ddf1,-1,0,0,0,10,0,0,0,,,
1f76b9dbc1a1e7bcefa168bd467eebd4,-1,2,8,8,38,2410109,0,0,,,
67881bb4dda6bdce9434539ba2874d2d,-1,2,85,23,94,7243082,2,1,,,
2bc13d4938e8d5704d5a3e1e5ef25f4c,-1,35,4,335,193,29293512,19,19,,,
0b3356c6e78f18f8d9cd5d2922a2f393,-1,8,4,46,105,7030950,0,0,,,
fdcbf7807bb3481f58381a8d793f55e0,-1,1,1,32,101,1808257,0,1,,,
2a768f5d9cd8b70b838abbbdf762b81b,-1,0,0,1,9,172768,0,0,,,
8f7c896f0643906548b4efd39798f31b,-1,4,16,30,69,5592546,0,0,,,
d0a7048d5deb386de178c1eeae629a9f,-1,1,2,3,15,346441,0,0,,,
04ef272d6547c6cbad29ac9042d37200,-1,6,80,44,166,12955087,1,4,,,
81d2296d91f971c057f6504ac715711a,-1,12,2,43,129,7862436,1,0,,,
745a27b081c93ddc3df78c21c5bbf971,-1,45,9,86,214,17458122,7,4,,,
14df58abbfff0259ee98fc5fc4819a9d,-1,14,15,95,269,19004731,3,3,,,
a81fa8f8fa69e9761df872fb355a8038,-1,14,32,161,246,21321379,2,3,,,
f05537dc36771880b097113537f28ed3,-1,94,105,333,532,45378538,1,1,,,
70f5e0ad49ee89fc547207c82476a5e0,-1,0,0,0,2,0,0,0,,,
aec781bb5818ac2b5fd8f394b1984b6d,-1,25,86,72,260,28704733,0,0,,,
2729a07828d6c7ecda2972f55cc2af6d,-1,0,0,9,14,690421,0,0,,,
25b6993a2884925950078dfb36e710da,-1,0,0,2,8,431829,0,0,,,
1169775e35a1c32745c4a791827c7432,-1,2,123,13,57,8899522,2,4,,,
fe77ef6383231ece9c9464116f10c9a4,-1,4,3,58,45,4835519,1,1,,,
f3951ca4d03d42beae711a30ae352222,-1,21,30,79,215,13059057,0,0,,,
89e76cfe96634af8a0e9adddb960bd9a,-1,2,12,29,64,3403126,0,0,,,
323b82cbc440cae2df87d7893ed9feb9,-1,43,185,79,130,22794511,3,3,,,
704babffb1ee8d04725942366112cc06,-1,14,13,104,87,18156268,0,0,,,
9676f3954b8c7bd3a68b4bdd5e39f2e5,-1,56,13,52,89,9922475,3,3,,,
9b1702525184ba1a7e27e67c154b4ed7,-1,34,10,92,150,15368281,0,0,,,
be2a0ef0ebf742156d7ddb62b55cefca,-1,0,4,20,52,4029935,1,1,,,
d20b7b9e7492f8bc398c01702b93f89e,-1,0,0,0,7,0,0,0,,,
0ed6725b6a487f0772fbfeb2bf15ef2c,-1,7,6,53,43,4471579,0,0,,,
7fc161095e335cf74176e73f6820fc78,-1,2,5,39,147,9834021,0,0,,,
8c958800814eb660fa5fead6c4aae492,-1,0,0,15,46,2071050,2,1,,,
b4aae480c925b49e3bb9e1d4da61cbca,-1,1,3,12,24,1304671,2,0,,,
a75f3775d1e8ffbd0794acdb618450f7,-1,1,4,4,27,351201,0,0,,,
9132b571d7e7ba9150d8d83c83c3873c,-1,0,4,40,69,5020819,0,0,,,
33f1fef320d73920473f1412f94c86c8,-1,11,20,113,234,12744625,0,0,,,
22c625d60095ee65adb30eb87d74d239,-1,7,10,64,137,8794239,1,2,,,
f3afd1825c3b65708d90a12f0e2ffbbb,-1,7,5,33,36,2242237,0,0,,,
28237a1eef72c18c85699a7eebf7fcb5,-1,2,22,2,21,691554,0,0,,,
c0340315abc9eac2e852483fd04a7345,-1,17,116,27,53,4841027,0,0,,,
ece2ed4da172eebe8c5bf99d7ad39a81,-1,2,0,16,33,2093775,0,0,,,
99097a571f6c7a853dedff6d68009426,-1,1,2,8,10,1122822,1,1,,,
40f87ae355cc6de0b69f6c255ebc2130,-1,81,143,701,486,91118024,0,0,,,
f19cfc344b68da5597f318691a86423c,-1,6,6,17,44,4029337,0,0,,,
b142dbd71411d2f75d64956cb2ad0e5d,-1,33,64,102,149,20043002,1,1,,,
2445c40950ede6ca4cf05246e88ce1c9,-1,12,153,60,149,13911380,8,7,,,
6fe9481f7eaa3eee07d72485ae6c3499,-1,57,1,82,86,12304141,1,1,,,
d76a901ff7ee40e6f2758a11f0154e25,-1,2,0,34,101,5522429,0,0,,,
8fcf2d1fe05b15a76485bae241ff9149,-1,0,0,4,63,346018,0,0,,,
d5d5b556970fea6dfa0c23a2bf541360,-1,1,0,6,26,1107406,0,0,,,
c90a4ab5f9f6fedf73d82be03d4eecbf,-1,1,1,12,25,1630763,0,0,,,
7038a4b0e6003fc38dd97b1743da00fc,-1,5,5,25,49,3187397,2,2,,,
cb4b9637c59decca7c2a9c0d0ba9b8cd,-1,145,132,1011,791,131240690,4,3,,,
f4814f7637c3176a24a952b873455ee8,-1,72,53,148,228,26378824,0,0,,,
cebcae020d39d6e3793bafabc1c8f801,-1,0,2,2,5,259365,0,0,,,
08339ce3664eb9e12737a82795437806,-1,23,18,33,87,8902744,0,0,,,
446759c2bbedb840a0511cf3acf36b73,-1,0,0,0,10,0,0,0,,,
12ffe2b29b229a873c1c4d0efb5b8733,-1,0,1,9,32,1297632,0,0,,,
859830322182e79c3a6f755c0d21e2be,-1,18,51,66,161,11130203,3,3,,,
70790c2c30a253f4f70e9cc1115fa4e7,-1,1,0,13,30,1302233,0,0,,,
dbcf85ea2873ddec7d442bd43c1dc467,-1,0,0,0,17,0,0,0,,,
cf495b97fcde8038138c2c526056cb08,-1,7,27,22,88,4582044,0,0,,,
e201392b3e4152589b2c7cefa00bb515,-1,2,21,8,68,1457172,0,0,,,
cd0972697bb05bc57743249c59ff30f9,-1,61,37,128,230,24912515,0,0,,,
67cde9a63429b289595069730ab7ac61,-1,2,0,41,63,3519694,0,0,,,
131b9cf2e811c35fcc41e71e672f17b7,-1,0,15,21,86,4004013,1,2,,,
c70788f692a9afdaea63ea940c64a3a4,-1,13,15,44,131,7952183,1,2,,,
dcff5e17931cd32f79994ac90caab8e8,-1,0,4,16,27,1568921,0,0,,,
06486ef000a7e828b0cc79d96edb6c50,-1,21,101,86,257,26089086,1,1,,,
3f553b47ce591921e79d9feaa3b53ce7,-1,3,5,22,45,3062031,0,0,,,
140b267e8c90e482218d5bc5a29395fb,-1,3,0,112,146,11059736,0,0,,,
959e9cf196ea62d3afaa00dc45c91604,-1,41,31,174,353,26616459,1,1,,,
cbfbba345fe7ade81d1b7c5a521e6f8d,-1,50,35,267,199,137031275,4,4,,,
eaa403c9b3487e48414acf7dbc74c0de,-1,9,6,11,47,3319422,0,0,,,
488b11be6d8387b4576e70d15bd4eb64,-1,48,26,451,294,54067728,1,2,,,
908f576a7dd201c24874adab9557d1c8,-1,1,0,28,45,2679416,0,0,,,
4f951f5481b96fa1f7ff67a4925eeb25,-1,10,4,333,228,32493745,0,0,,,
0c4d5fd7fd2396eb59cea4df8ece3518,-1,79,70,176,169,32255856,2,2,,,
ba3d24c5380e2d7505e705aa6e42ad64,-1,4,13,20,49,3972792,0,0,,,
1940433d101b6def978cb7a71efc3754,-1,11,2,47,66,3894954,0,0,,,
f50d4b327343ce8bb46c00d214ddc843,-1,67,89,266,250,37756508,0,0,,,
2da3bef5ced8acf12dc4252709345e23,-1,40,53,138,186,23824819,0,0,,,
ad3f7fc10afd16809acb55ccb2f84eee,-1,0,4,0,3,432226,0,0,,,
31ed0fe4d9572a056b02b69d4e49565c,-1,52,28,169,246,25051000,0,0,,,
65e3c4811734c7a2cda954fa4ad37c01,-1,305,141,468,447,73891484,6,8,,,
c795ce2af5b72aede55bf138dcab8550,-1,0,1,9,45,997227,0,0,,,
4d009928146651e6d5df063012118e79,-1,64,84,212,294,36712472,0,0,,,
89260a6dfb0c8ce1420421d80056114f,-1,38,23,50,93,10653777,0,0,,,
12f249108722f2a19317c421969d2575,-1,0,0,4,110,3873699,0,0,,,
df2da3a2d22a210626d650acf479aee8,-1,47,152,171,296,27212685,3,2,,,
afaaca613422fb3cd327b6056ff0f1a9,-1,2,7,65,218,12440117,0,0,,,
b2b63591063d9c3d58326793d6fd923a,-1,3,4,5,35,2317730,0,0,,,
9c56ee82b859e707642c357ce8f142a7,-1,0,6,15,24,2148184,1,1,,,
028f5d6790ac5657af475ebe01a56079,-1,9,1,23,41,4198139,0,0,,,
22e62b5266dbea44dee57d62bae6d845,-1,3,5,32,52,4911997,1,1,,,
cac83f22e74ac343749130f8cf45440f,-1,34,17,81,125,9589804,0,0,,,
2262e2ba649594c8d2673e51ea1028f8,-1,20,6,355,277,37846023,0,0,,,
49c00fae04bea25a024c5b258920e3a8,-1,0,0,0,10,0,0,0,,,
66265f3473060f96ee907036d1a84890,-1,0,0,12,37,864458,0,0,,,
6bb174f6f5ee42b6c0ce77671e11cafc,-1,3,19,15,118,6357717,5,3,,,
0dd5b319588c9460b08fa6acf5a570f1,-1,0,1,2,19,195030,0,0,,,
9fb887136a1caa387f6d3f748f458f78,-1,11,0,9,29,1294451,0,0,,,
4f3ed01439822b538cd1d21f7924ae60,-1,0,3,7,17,433760,0,0,,,
0dc88f3b50dae5d52427bac9d629396e,-1,44,28,103,315,43694048,0,0,,,
92597518e9cdc66510982be2154c4238,-1,2,56,2,26,2334652,2,0,,,
ed438a27c4f59c04eb6f22ac1841f268,-1,0,16,7,28,3110532,0,0,,,
8f543358e90e2fe6b9653583881b85e0,-1,7,62,8,71,6473137,0,0,,,
1871f1e2d522489825afc7eeaa34b0bd,-1,12,13,220,297,22819469,8,5,,,
8bf5f5c225628d7f4376d93cecfc3563,-1,25,335,99,129,24280133,1,0,,,
89ec8c45f0ba4813a246b0a6ef0f23ad,-1,12,9,34,97,7346997,4,4,,,
c51d254649ac1eac3a97a1dc9bc567bf,-1,97,50,653,442,72338333,0,0,,,
7a7ab0cf629dba5e012de7c4b90fd46e,-1,0,1,16,28,1990617,0,0,,,
48cd3bb4da6abb751afc18a6023409e2,-1,16,31,67,172,13290337,3,1,,,
792c25d0a30c8b3375b27e4bd7f2e9f8,-1,0,1,3,9,260304,0,0,,,
ce1989dfe3047ee7e5b9e061c43930c6,-1,19,8,110,198,13996931,0,0,,,
59e43ca56ec555b77fe27032c338abea,-1,0,0,0,4,0,0,0,,,
75e633d368a6c5edbfa1f70c529ee2b4,-1,11,23,154,218,19143216,0,0,,,
4c54657658dba06a57ba571d271a9eb0,-1,2,3,0,109,38163,0,0,,,
1e8fde8e34d317d18e576584c45df19b,-1,17,117,27,52,8638890,0,0,,,
a57f0f8d87b609f51745b31853fcf7a0,-1,0,0,0,6,0,0,0,,,
2eb459a44de0aec3fc22816159db4ddd,-1,7,5,109,162,11441358,0,0,,,
5991dddd24da6e828c58179f319c3704,-1,32,274,81,258,23154615,4,5,,,
5947f71b3a101ffce9d40d86617d5bba,-1,38,18,126,256,22901584,7,6,,,
2e41a1905aa5a30e0562862925884d74,-1,29,17,105,164,14437176,0,0,,,
6ba200b423cdf91240a423696487ab9a,-1,0,72,1,20,13536130,0,0,,,
427fe3dda4af9986a2a42980d13e9349,-1,54,13,80,186,15788818,1,1,,,
1d8ae9d91975fd3f30ef06f0bec5d59b,-1,2,1,21,81,4138991,0,0,,,
f2efe271caa840ba893884846456f009,-1,0,1,3,38,1900708,0,0,,,
b3f14cbdd66edd54527433426ab8f044,-1,46,40,197,236,23278079,1,1,,,
a2d140808db376a18e3c3214a4dbb3e3,-1,63,71,95,248,14258226,1,2,,,
9a25a18adcc0dd26af6746e457c0661c,-1,1,1,32,66,5862797,5,5,,,
fcf80066da04ef24437a8db61bf3e1c0,-1,17,16,68,179,11518112,0,0,,,
c9c79de05e4dee9ece2f6ba2f9ee8286,-1,44,6,106,200,17470094,0,0,,,
5bd9d9d29799e55197a8daa0371e6bd2,-1,52,3,88,145,16100845,0,0,,,
91ff4ca8a6ac228239a577f99cb4bac3,-1,5,18,67,170,9562527,0,0,,,
570c5a642e21a2e93fc4c5d21b61e487,-1,46,16,522,213,43430421,0,0,,,
6e38eb2f5d41056dd12d24faafb3b3ca,-1,12,86,5,42,3667430,0,0,,,
5f2dbea503eaff6124a21efd43ab2005,-1,218,21,345,350,63853872,1,1,,,
b638245b9e8d53e46fff458f1028f378,-1,3,6,91,228,12789255,0,1,,,
41e6e3c6b43c4eee8c1214a83bbd1d1f,-1,0,0,0,32,0,0,0,,,
6d86bca2c76b51350c71fbe07850c25b,-1,8,5,49,67,5989155,2,1,,,
3a2e75caab086e026cc14a3c482bd2fe,-1,73,28,107,160,16355677,3,2,,,
ed7b83a3ab1e17db3779ec35cd2e4868,-1,58,31,123,106,51503940,0,0,,,
f8343dfbd8f3ae435927a12766927ba7,-1,25,91,85,142,26008220,0,0,,,
cbb22c4f793ef0cc1b82d536c154a750,-1,1,0,4,48,694367,0,0,,,
85969f616da4230c17d60213bb882c88,-1,2,17,70,193,15243375,4,1,,,
c7f83f0e5b61d79afedd347ccb374814,-1,11,36,57,126,11545775,1,2,,,
cc55081e539916a5dbe8861e2a17670a,-1,100,103,1197,631,133671426,0,0,,,
5c0ab5c6c8c00f9db35df05b3bf74952,-1,8,4,8,21,2417591,0,0,,,
0c5ff0bb76f6667d8aceaf680ab5c71c,-1,13,6,21,117,540966,3,3,,,
ed85760640b6a8c261630f6e9063768f,-1,0,0,1,9,86399,0,0,,,
51f9ae12e9a6c41cf5c5ace90b4c6b53,-1,9,3,104,185,14880446,0,0,,,
8ee5d3542668c31659f21072121cd72a,-1,0,0,0,4,0,0,0,,,
2509e3c52c3113cf786e34fb5c650364,-1,1,11,8,50,1641986,0,0,,,
563f6ff0aae0f75ee05363ff416222d5,-1,3,2,36,104,3877719,2,2,,,
af76df791f0c3176f143a9aae9bbb9cb,-1,3,13,16,72,3104614,0,0,,,
07d673248082b4f7d0231bbbd976206d,-1,1,2,6,61,1211875,0,0,,,
a53d16d841578eae6787611d92413026,-1,25,13,78,102,14927045,0,0,,,
1c9d95bc92196b6d1eef17c28c684124,-1,0,3,13,30,1898462,0,0,,,
87e5b086aed5a5b7bdada339197ddeb5,-1,86,72,368,327,72487832,0,0,,,
17b0593569926b603e6cf6c38772d345,-1,13,21,41,76,10103254,1,0,,,
e4df4547f2bab026c47d0ff5141cd2be,-1,7,0,18,28,4928197,0,0,,,
c35209aa55c7ff67fe7fd0fff6f49e2b,-1,6,8,289,151,25746590,2,1,,,
739de7f90607fc5f104d564a1537538d,-1,0,0,0,9,0,0,0,,,
9205a12029e4a35afd7fe62892742c56,-1,18,8,99,224,14460400,1,1,,,
b2db33bd03b90306011479f6435f6239,-1,2,19,17,45,4366876,1,2,,,
9197588c8c67dfb6825d0a4c70bcc01c,-1,0,1,3,87,214783,0,0,,,
148135f8bcf12c1c76a43f2e5371c6e2,-1,24,4,75,198,11064169,0,0,,,
5d1fb69a95a11c79d2cc23d323ab8542,-1,1,0,13,60,1934312,0,0,,,
157111dc9aee4e9830fc6e23e770318b,-1,23,391,54,133,22611229,0,0,,,
fcdf0c62a8ebd3c06235945ded06f7b0,-1,0,3,16,108,948977,1,0,,,
0699382d5a6181e8327c64cffae7c656,-1,1,1,32,68,6053203,0,0,,,
7af735f2f00556925520de9f0ec5b510,-1,0,0,1,29,86388,0,0,,,
27674b942830505619a2282ec5106e26,-1,79,32,61,182,31708041,0,0,,,
13db9c7ea44fbae13a51fa169b7465e4,-1,0,5,17,48,2691448,0,0,,,
2596e762ab23c1e48c014f3b74391d23,-1,0,0,1,17,86324,0,0,,,
00b59133ff74f750038ac45cc8ab190d,-1,4,24,45,94,4713583,0,0,,,
8d673635db4dd62dd839d528a6b147d6,-1,12,16,48,85,6907803,4,3,,,
8bfc77b70e78c47bf96eb084543d8b1a,-1,16,1,33,53,4305373,0,0,,,
e395c3236bfe5b34831976a6680760e0,-1,19,5,24,33,5516935,0,0,,,
2cef58da3f38287736ac1918182d0409,-1,6,32,8,34,7516052,1,1,,,
a587574782a7a531cd0d560c22ffae87,-1,5,3,57,70,6224040,0,0,,,
7d96b80eb862e2d0e42706c4bc4145a0,-1,12,76,22,123,10902935,0,0,,,
2236db7953f24812d6f6b4b44e75e8b6,-1,0,2,4,10,1467734,0,0,,,
1bd123499a4a4fc7f2ff81131ab1d158,-1,6,0,20,33,1992269,0,0,,,
4ff2495f74b62ea75f15d66c62cff7b5,-1,0,1,9,56,955270,0,0,,,
728d0b23b1f92fd085e8582987f34158,-1,18,9,60,159,10395867,0,0,,,
38bfb84e83a2bb3211c3062b4f7583ea,-1,2,7,38,59,4919751,6,5,,,
11cf2fff6735b86a75d5206a741c88ce,-1,3,5,5,16,777735,0,0,,,
05ebb249a16f5b8a6205896e5f6345b6,-1,0,2,3,19,950398,0,0,,,
9af4c1ff247988fddf8783be842e04c1,-1,15,9,42,119,8468221,0,0,,,
8bfe3aed79f6245c87ac5bfc39e2e81d,-1,78,126,94,328,22068282,0,0,,,
cd02c23df24713d48280d4b31bf7127c,-1,0,0,0,2,0,0,0,,,
75d0dccd67b37febbcfd5d790e76d7d2,-1,1,23,2,40,2595019,0,0,,,
865f1b894fd362c776d9e62aeb448fd9,-1,96,73,161,239,25139271,6,7,,,
e08987e9d6d2e441dcef251651b89bdd,-1,12,4,48,69,3516738,1,1,,,
00936d9181fad38deec90d2af5baf0a0,-1,6,221,24,17,9068059,0,0,,,
e1d8d64d1e32e2a0928c27a6c871c83e,-1,8,14,14,42,607501,0,1,,,
3087b5a8ab4dd926f890bcce94e5fe6c,-1,53,82,116,373,23074740,1,0,,,
d1fabd36967a2148baf000244dcd2649,-1,0,0,34,63,3966326,0,0,,,
4e8d5abf583ec0a1b391753bb1c4f332,-1,0,0,18,109,1121685,0,0,,,
da76b0393455de7b8b806b8af5fa7fd8,-1,64,163,77,238,35481943,4,2,,,
a5ad928ce9e216f0d7b78470327ff2f8,-1,0,0,4,16,431599,0,0,,,
cac6e2c8ede2cb3d7907cc7de350c69e,-1,23,41,96,230,19791797,0,0,,,
5dfb0a7637f58c34061893432b7a8932,-1,1,1,41,95,5524894,0,0,,,
20eed9ab7a3c3d849ac8a6f68a35098d,-1,4,3,19,41,3546070,1,0,,,
55f42f8eb1e5afd037b6175f4ecff1e1,-1,1,9,22,79,2403647,0,0,,,
26473713bc7dbf74ebb29668dcb6a498,-1,3,2,19,73,3536853,0,0,,,
85a5e373668a9eddbc88c3371099020a,-1,33,69,64,159,16077484,5,4,,,
b9bbe7c8c6dbc174434b132dca05125b,-1,0,0,0,33,0,0,0,,,
38214ae930d43525b2345d8316bb5fc7,-1,7,1,35,71,3892319,0,0,,,
2c6a1b2aec0ff646f3bc28eaf0422355,-1,22,1,48,61,9409623,9,6,,,
f1cde14f81847d03c80464a605207068,-1,105,54,204,399,140981545,1,2,,,
057f8cede8469855e62f4154c2eae1fc,-1,7,37,50,110,10371186,0,0,,,
522e27a51eec0ae6672fe32659fee974,-1,7,93,46,200,11593015,0,0,,,
883e6dd40775a39a5822ffec8c2c77a3,-1,2,0,35,48,2935799,4,3,,,
48ca90db3966eb5f4477088f4b40d6e9,-1,47,18,57,228,14691906,10,6,,,
e99856cbc1b2b6fd12d00567fca21bc7,-1,10,0,23,87,4405602,0,0,,,
420acc7bd675f5e7022e02624b566b49,-1,24,30,31,101,28511488,0,0,,,
db998acc42ae31c46f93ab88774d1435,-1,2,4,10,26,1334920,0,0,,,
727d1267fcc31196811ee7d7a1673738,-1,9,0,68,159,10039644,0,0,,,
d988997f17af56e3aea439602fdd26f7,-1,0,0,11,39,1461321,0,0,,,
4ff727f1a67a0e63e268a6735758a3d8,-1,2,1,4,12,431091,0,0,,,
6ef9cd1924e4274c94446ff4a48c7207,-1,13,14,93,115,9855735,0,0,,,
25385c9a53df7df5747f87c36758dfe7,-1,0,0,14,76,181025,0,0,,,
ec78e9dc805a194d925fb1bef845f342,-1,22,2,116,130,14756976,3,3,,,
0b4a563f2e72298dd831afb392984e14,-1,8,9,39,63,1889666,2,2,,,
eda95f5324966c5f88c84d372464d74d,-1,9,9,100,144,26078191,0,0,,,
2f43957d4fd3bb22f8c54f8b31bf944f,-1,16,102,18,74,15449224,0,0,,,
919963d28bc09a7545b490e962c3f305,-1,0,115,16,148,14165086,0,0,,,
735a8bc6e486edcaa015839ab2d118f0,-1,39,41,112,233,19526894,0,0,,,
da2cebfbbb594423d7724e09a4c09966,-1,3,39,16,49,3797227,1,3,,,
0b0c4784c006faa03ba9f2778bbd796a,-1,7,27,347,218,47340147,8,6,,,
cbf6354ad15b1fd9b59b287a5db6e3ed,-1,39,14,46,125,9757000,0,0,,,
0a1e6acd1ba53d99ff9feeed24094466,-1,0,0,0,10,0,0,0,,,
caabb3930d09127a511a567daaee3535,-1,0,1,7,106,4324026,3,1,,,
ffa6e390474ae7cf59b4800221cace88,-1,66,81,129,293,34228365,0,0,,,
5c66bc2ea878952f29cc070dff406129,-1,1,0,10,35,767759,0,0,,,
fa620b2610242fcce575b279fd8f4892,-1,2,7,1,66,607436,1,0,,,
1e0dad31aaa84b8e6a4a4bd66bdb6248,-1,4,4,54,74,5728619,0,0,,,
02a46e617b989ae1da4de2876d5676f0,-1,3,44,14,60,2070066,0,0,,,
e053952a163b49e501ec0b3bb8450465,-1,119,266,185,431,43508972,4,4,,,
34ffdcf48e2d7a15ac5966193215e4ed,-1,4,20,7,34,5274239,0,0,,,
cbdcfac9c7d2bcc2150503cd9dd9fa32,-1,12,46,75,152,12826437,3,2,,,
c0e0fc7e2acdd18d7704ca7cebbd7140,-1,157,45,73,312,25072838,0,0,,,
bf475976ec6514996a49c756db74255a,-1,0,7,33,83,5338392,0,0,,,
e2d796e77d273739e2edb098badea3c1,-1,6,2,50,95,3973486,0,0,,,
326d632337cd7cbdfec72ca0e02378a3,-1,3,0,40,93,3789457,0,0,,,
7be4da221c4a8fed082908ccb5f46315,-1,1,13,11,114,3450652,0,0,,,
189796a68e4df88040b9c6dae0689a9d,-1,0,0,103,128,6491071,0,0,,,
6a52947b72b733bf3ccba85264a3e46c,-1,7,1,16,32,1632227,0,0,,,
9f3a8a3520a671eea06677e73b8b4417,-1,2,5,4,17,271204,0,0,,,
a0a9252cba4577e5325b575d69319a01,-1,23,8,41,101,7249537,0,0,,,
e7a6677d5dc3f9da5941fae0390cce73,-1,36,54,74,182,439324520,0,0,,,
6a72ded86bda7185df8ca3892fe4fc23,-1,21,37,64,8569,14337642,4,6,,,
31b4428f7509a8e15058a76e26bc67cb,-1,0,0,6,22,690900,0,0,,,
9a688c393e61b7b0b94b8998e9e7b020,-1,0,0,14,31,2160609,0,0,,,
1c258acab57414bf7fc5a28affc7ef94,-1,75,8,129,314,22306225,0,0,,,
e70ee11c8699a0c0509e73f10e06a371,-1,46,262,37,251,28941499,0,0,,,
67d044a566a53d230d2593d6d92767b2,-1,50,60,142,133,29440335,12,8,,,
98ca596e1a5c20d44986b00346c75dea,-1,27,61,47,104,6105654,0,0,,,
e0afd2b3926f067d4005f225d9358f77,-1,63,46,213,306,38525191,7,8,,,
1b214c395fe2d63b7511363a15c86103,-1,12,7,13,43,3664947,1,0,,,
373bae2b4cad60eac40b8319a990e133,-1,10,32,50,88,10888697,4,5,,,
39f3e184ba2ee2e8a144c55ee2cc3f5c,-1,0,10,14,33,3364560,0,0,,,
b929bc6160c5d2622e10fe98e2d11aa5,-1,3,55,6,9,2073542,0,0,,,
d59b043eacbeba465d7781520437a004,-1,0,0,0,5,0,0,0,,,
394c9f7059f714958eb198c25025fd4f,-1,84,141,42,128,9075099,2,2,,,
5b7c68de611f791ff1e748366788a0a5,-1,0,0,5,78,900958,0,0,,,
09b9215f3c76affa7ef44fbe436ce6aa,-1,2,9,24,72,3579635,0,1,,,
7af45fa7cf2445a49f7ae51de9c8976e,-1,12,14,46,74,8015269,0,0,,,
dab1455baf0bc37a21eb09108be59f0b,-1,0,0,14,50,2000666,0,0,,,
c55a1998f8016b7b5c6f96595b9ca1ba,-1,7,8,45,147,7170086,0,0,,,
84f5e8ba3907f6e1331cada6deafad28,-1,19,23,77,302,21416191,4,5,,,
90cec2edae95b42e5449b92c5be423ec,-1,8,6,23,48,2993386,0,0,,,
36fc312af0eb6c12483bc770c5a1b602,-1,6,3,54,98,7773912,0,0,,,
16e51b5e56a606959251bdb9421f273c,-1,53,8,177,225,20293984,0,0,,,
61b5cb5a9e7e34931d823f80caedb22b,-1,24,52,140,214,21443463,0,0,,,
c25b01e9e2ecbe708fd3dcb825b36c0d,-1,173,71,49,328,35429200,1,1,,,
f57e35d140a51a60d430571d6ff3fca6,-1,2,9,24,23,116004,1,0,,,
82c923a1efa8e3d7582f40c8e3165dbf,-1,129,11,304,316,42251047,4,4,,,
1d7e7f8d71b21e304c47735a4035f8a2,-1,10,33,64,116,11748563,1,1,,,
7ed8cefe43af0b612b9ea6c7013e25d0,-1,60,74,184,427,30685738,0,0,,,
405f711f23d4d07461c35c730567c74c,-1,63,31,387,486,67440411,0,0,,,
b885b895489fe86d1cc7c1984b638410,-1,7,1,35,47,3364251,0,0,,,
43fc7d6db7a6ac1462e2dfb77e06cca2,-1,14,70,38,120,7589538,0,0,,,
a4a9e753f704ab63a46498958231bb76,-1,29,3,44,111,13974223,0,0,,,
b340bec8d65f63030959c0a18ec2ec30,-1,2,0,10,40,1981369,0,0,,,
3ce2e2166d6e5438ef9a5942bfa7652d,-1,193,39,796,308,80891661,0,0,,,
d709f5f7e77a63121906aef7aa3c345a,-1,1,4,23,89,3194814,1,0,,,
45e7fa7be62a9d0b0b5bbef1756b30d2,-1,3,0,37,67,3459209,12,9,,,
5fdb58f74260884adae8447a7c45ac31,-1,9,6,46,45,2940820,12,9,,,
80078a0d898904b05c249cada1321421,-1,11,40,6,18,7070526,1,1,,,
3ef5fbad251b80d1fee77bdd803660a0,-1,16,8,114,142,13580434,0,0,,,
8b00ac520edc0a12204b79ec99320548,-1,45,304,108,320,32459901,2,2,,,
13c81dbd427389bb10007c8f5447ec01,-1,29,384,112,191,32070452,2,2,,,
b5d6a6840338918d2dc7cd1108eca002,-1,0,0,0,1,0,0,0,,,
8361ac7aa4a73f89029d0a4748c39d7b,-1,70,48,301,320,33882574,2,1,,,
9245468798e2402dc0eefcc074bec1fe,-1,6,0,13,20,1940402,2,1,,,
366a521d60520bd9789ef5c1b0a30f04,-1,13,0,51,88,17128858,0,0,,,
5db95ed42189cc2ed17414fb12aafc7c,-1,6,75,18,62,16006902,0,0,,,
171ffa170eb76e9162f8c4a9661f2b22,-1,24,174,47,177,26943344,1,1,,,
0b9111c7ae0f75a8a8d1414e89cfc837,-1,8,37,47,69,7348972,0,0,,,
22f37e762e97cd6efa191b2d8179d7ce,-1,8,62,13,65,6393738,0,0,,,
dfa4487f68e9211a8af0c63fd0c6f08b,-1,54,58,471,272,42878753,4,4,,,
185da5c69cb7c31a6c94f2a2026b45d4,-1,4,24,18,105,1864865,4,3,,,
a964426fabcba84dfa542433d86ec2ea,-1,16,30,23,61,5158064,0,0,,,
aab09d99cf7ba8e1e10e67ee8f1e186a,-1,6,9,22,34,1795878,0,0,,,
51f7a0376c2589e041cf1d56a8436dec,-1,13,15,83,78,6927559,0,0,,,
fe73f73dc432060495109fdc39beaf05,-1,40,121,143,286,24711631,4,5,,,
cf5f37c04b0e87a1c55b741cb9c27472,-1,15,4,27,97,6313576,0,0,,,
daebf54233b98ebd0f5e39b909b97005,-1,4,5,37,124,7138507,0,0,,,
f6ce3da4db5f8e1819c5ee09333f6977,-1,15,52,56,139,9643362,0,0,,,
4ab9d6eadf7510198f468d10fc29f689,-1,4,41,31,105,8222239,0,0,,,
2868e5a3fa19e9faecbe962bdcc6ba10,-1,1,9,2,11,334,0,0,,,
08df051d705a028f1a6faae6cb9bfa97,-1,0,0,0,11,0,0,0,,,
c21cd42f66e756df532867295935eb48,-1,42,365,33,99,24024474,0,0,,,
493b950397f60b87d4b655625eca5d2b,-1,2,5,3,33,1219152,0,0,,,
d73b10aa7050f685018c9c109119924a,-1,7,57,2,41,12522274,3,1,,,
80f3689480b50afb66d6d456ac0e2eec,-1,0,5,47,132,5785467,0,0,,,
c2bb39882181019dea2769b68f0c4fcf,-1,0,1,9,32,1622312,0,0,,,
ab4689f8e8e704fd203709052fff8103,-1,26,113,52,134,19917557,4,3,,,
00bdfdc3a749cb55e90f0c83ac90d167,-1,138,63,434,364,48275822,1,1,,,
c20fb406d4eba1537803984fe96027b7,-1,22,31,65,58,4581034,7,5,,,
240b37ddec087a8eddc30a7f4dd77a97,-1,10,7,101,107,7264188,0,0,,,
72339939e874b61ca50ab007b7f040fa,-1,5,4,31,72,3851343,0,0,,,
e768917d5fad4f230fd1fe7dde4dabab,-1,16,9,80,228,12273334,0,0,,,
c18c5e8ba242f7219c9b97fa0c700580,-1,37,32,179,221,21607264,8,10,,,
c3ff44254b0c17dd1492ada3cddb03f1,-1,5,23,5,28,85622,1,1,,,
06fffefeef184533810b85af84f834e5,-1,0,0,0,44,0,0,0,,,
cf13765f9b9c4d5344d5c6fc62ea675a,-1,43,282,59,213,42658262,0,0,,,
1df63000e1dbf47ec6716ae5e03366e4,-1,0,3,1,27,13,0,0,,,
c9d613a67b2a26b8bb102c157b947fb3,-1,1,14,31,70,5425409,11,4,,,
73435b0e37b605e5aaab6a492ad6a899,-1,1,5,1,14,604642,0,0,,,
54475cb8386b6b090811ec9bbc00090c,-1,60,8,55,121,14172723,1,1,,,
1f314bb5925c1aff2a3e66bbd3ecf6c6,-1,3,1,26,44,3161588,0,0,,,
8f1ed911e311cc8ed6f7b558f075e3fe,-1,18,52,31,177,10723078,0,0,,,
de15b8b13f88b6c79669f9531dca81a2,-1,4,5,24,111,3366982,0,0,,,
dfe0183f56505481dd92caf9f591abd9,-1,37,77,129,147,21579390,0,0,,,
ba4326806ed2ecbbb07c0d45be951d11,-1,4,10,59,209,11415325,8,10,,,
8f14e61eb73351b009c78eb537acbfcc,-1,39,77,282,302,46980518,12,12,,,
73c521a829b560982be63ba0ba0eeb8c,-1,0,2,11,29,590683,0,0,,,
bd326eeab3cfb04a23c12c5446a72bbc,-1,3,6,2,7,259189,0,0,,,
a3dbd0dac2f77b37eaaed164e957e7e0,-1,4,8,19,74,2330045,0,0,,,
1af6be82eb49537954e5927e4d78fe18,-1,10,16,42,88,7183088,6,2,,,
3b54a8e2bff9fe3ed683fec28bdc0010,-1,7,11,55,151,8457646,4,3,,,
396134e27ff337b20a5f20f307bf3965,-1,1,9,19,39,3544546,3,1,,,
c698acaa881386ec15f2575277736c28,-1,111,167,421,433,66803158,3,3,,,
104e508578fb39269df7e540229cc215,-1,9,17,88,153,10291660,2,2,,,
8d3379753f63dd60047c2686b65adfad,-1,52,72,203,560,76827250,0,0,,,
dd532049b28506f06a8be6e14d68698c,-1,2,4,14,33,1961412,0,0,,,
e232bd05614f810ffe6b3401ead0a325,-1,2,7,27,40,3546538,2,2,,,
7cba146589a87bb9ba0693a12a42bd92,-1,9,166,13,118,23062462,0,0,,,
ce62354e7fce5a2cbfb703a0c9854897,-1,22,16,115,173,15123524,0,0,,,
544cc8941deaacb19592128230b91b6f,-1,36,10,71,118,5046267,0,0,,,
08c2effed3e3eabd828cb28d1b39cc4a,-1,21,42,166,265,20582804,1,1,,,
4a0d34312503f14bf9af94f562fda230,-1,10,20,73,199,9302045,0,0,,,
d3820d00e5667e889a73ec8515f2ded9,-1,92,40,184,374,37909874,3,2,,,
b40f25d5ed1afe3d21e4d895d28e240c,-1,0,0,2,5,777349,0,0,,,
9efb20b3cada5eea2139c87dc55dbf0e,-1,45,368,80,349,47697543,2,2,,,
c4f55c0146c32267477862cfc08b5b76,-1,0,0,0,3,0,0,0,,,
6fa987c2a27ec0def30aa5e156f2300e,-1,97,882,51,92,40361832,0,0,,,
37d9e4d218003808382f45c1fccb855e,-1,10,66,58,99,9480808,0,0,,,
01a14d039a010c3c0db13efe0ba578bb,-1,37,32,45,150,11758509,1,1,,,
0897879e57165e790b671127f50489db,-1,13,15,29,39,1909074,1,0,,,
fe4b37b4ae13d0fe55c5050b9a85fdf0,-1,0,0,0,21,0,0,0,,,
9c783d781f329d54f115af1ec1879d7e,-1,11,15,129,237,20464883,6,4,,,
95f4852d4611e4d8d4de1844bed77cd4,-1,0,0,5,18,511352,0,0,,,
7027ce939c68d640c47b687ce890bb5b,-1,33,1,156,129,16306359,0,0,,,
2f443cf8e1830594864e100db7783030,-1,66,81,55,110,10539249,0,1,,,
dd823ea8c791b405759639b011e9b8b5,-1,2,6,32,34,1818635,1,1,,,
6e92743d603567f7cd8f7e6017f58eb5,-1,4,1,30,96,4474699,0,0,,,
451241ef4072e58316169f3ce5b6ff48,-1,24,13,59,82,5205875,0,0,,,
a4928fe2eaa63c37b0fd7643276bc750,-1,0,0,1,84,5,0,0,,,
491725a43bb65ac538b7d6171480982a,-1,0,0,4,18,601945,0,0,,,
4476e7b0f058f4f3d306fd4b5354eded,-1,3,18,33,70,7338748,0,0,,,
fe478d61222619432edc33461b020c57,-1,42,2,31,42,4607662,2,2,,,
3fcf182a44360b11061c34d92c8e3f09,-1,4,0,8,14,2516242,0,0,,,
d8cfb60dee2a24b300c1e279c520e286,-1,8,74,44,84,5282771,4,6,,,
af892498ae68cd83b5099d0fb5627b37,-1,33,26,147,249,20735738,1,1,,,
0661d3d08ed7e35572d6bc954769a65e,-1,1,44,3,38,766183,0,0,,,
0278371473fc78507dd572c7673d8f56,-1,1,17,36,52,2761639,3,3,,,
02ce9f5db5d92069dd39df43a10faa4f,-1,0,0,0,28,0,0,0,,,
80c6ef73bb92759668a2e9d2177c326f,-1,47,46,81,266,16302829,0,0,,,
8ddb8197e05835a271a2ba1014410d3e,-1,7,1,181,189,18435631,1,0,,,
6b61a99e628305e5d55f46a2a9b8c045,-1,2,0,22,38,2329245,0,0,,,
34413ca935632d4fb52dcadb54781838,-1,0,0,11,25,1470484,2,2,,,
0707e68820a2c79cf0521c1c8cf3918b,-1,11,104,32,162,16848801,0,0,,,
3d6395c2bd2a4dc31f6ad300a5066cdf,-1,0,2,6,11,777986,0,0,,,
ed66fe6e07ff679cfdff42c91ce55edd,-1,50,29,649,356,63184437,2,2,,,
79551ec0e1265853a7496671a42d0b41,-1,3,24,9,34,1991363,0,0,,,
8215ab5e3a0b64c4553275a396ed3419,-1,0,0,3,139,305401,0,0,,,
53c0a76651d80a27aa148c883a11f5c2,-1,10,11,68,189,9842081,0,0,,,
2595937de7d870fd60f492608ba633d7,-1,1,2,17,33,2518254,0,0,,,
f79ec1ffa636d4333df702e84512be39,-1,6,81,13,92,6132519,3,4,,,
0f85bd871005c2d38cf4040739393fa2,-1,40,164,102,257,26056302,6,4,,,
86fadd1643aa1e11e723c740c2765b43,-1,12,67,82,137,9563934,1,1,,,
38481cd818d744e3ea678c379c112653,-1,39,11,305,401,45615907,0,0,,,
0227db897952e0792f6569b82d0b221b,-1,0,8,3,21,1730029,0,0,,,
74ac2ce975dea88672f92ede3ece1364,-1,35,9,125,397,17546669,11,12,,,
063d7bf19d25e70b3057ae4abcd597b9,-1,9,4,87,119,11569122,14,13,,,
050627f20bb3ff887ad955ef09c17259,-1,0,8,12,53,2415488,3,0,,,
37e4e8563501bf195b8b7b3c4a8be7e3,-1,68,62,87,131,19410479,0,0,,,
cc7bc7d4ab982a2707b51a2806c25498,-1,20,7,160,204,19775677,1,2,,,
9f4c837e4f8758243254469327e920af,-1,2,5,5,10,1037300,0,0,,,
0a9f41892122b36f7eeecfb9265c35a4,-1,0,0,10,28,1532261,2,2,,,
892b573734b0591adf48be3524f193fe,-1,71,89,291,139,28859677,9,7,,,
09164a6f02b45251c0333811f942918c,-1,11,13,97,151,18833260,54,49,,,
aba4c6ae94db25f4096794dafea8d3f8,-1,11,22,91,171,12192408,0,0,,,
d83fa20ca1bcc433c68ceccc9d5fbba5,-1,68,14,88,138,14672143,2,2,,,
27f926ca760595ea0c8a166b934f4796,-1,9,0,34,122,6083472,0,0,,,
e6be05a0ce4b19603391efb32c2cc5cc,-1,26,21,96,96,5270062,0,0,,,
27458eeecd6435cdf474d49b00df61fa,-1,0,6,25,33,3111657,0,0,,,
a72860a34c56b2b17ad9cc408e7b5ed5,-1,37,11,108,176,12168502,3,2,,,
922b26c086d0b085d18013276a6221ea,-1,5,8,30,71,4839686,4,3,,,
a6e4433dc170e9ca46daddec1bb4c9aa,-1,14,160,152,206,24592944,2,2,,,
28def6f11d6c7da2b58bc0777fbcb09d,-1,5,26,69,370,24027390,4,0,,,
dbdb18f43156b9c52183d94f70678042,-1,5,9,39,86,4509327,0,0,,,
423e7a9ac6f2f164a78c7a0aef6bbe31,-1,14,182,19,79,20216091,4,3,,,
c79e88efaf6c450743465caed48bbaf8,-1,2,3,16,19,3357868,0,0,,,
9f97b1beb60cbd5c2115d22b3caf82a7,-1,4,140,29,79,9248276,2,2,,,
ca6b198cb6f2596731f1315fa40c72f0,-1,2,0,26,42,2414060,0,0,,,
59aa20a8d409c7af88875a7f72af1bc5,-1,3,5,22,33,3880134,0,0,,,
1fbf0a9afab09f456707b2d1d6125da6,-1,0,1,5,82,1124055,0,0,,,
564e768703a1e303314a4dec6c580e1b,-1,3,0,36,96,4790611,0,0,,,
d7df0afca0c3a550f6a2184130436be9,-1,0,15,8,32,2850767,0,0,,,
2dbb9861d1cb0ce4e1d2aaa2fba4f435,-1,61,108,131,287,24778454,12,11,,,
bbfef4c1a8b04d7e19563e9bb7d0f6ef,-1,42,37,104,248,18550125,1,1,,,
944f10b0bd94e1f7c2a955044eac10fb,-1,0,0,0,2,0,0,0,,,
ef90fe1188ab2fcc6aba0126efeb131c,-1,167,21,218,280,29973436,0,0,,,
0286e056e2a4c074b7cb4312b8c2a368,-1,0,10,4,17,2332099,0,0,,,
fdb1e8be7026f3dfc84f7ff5ec5a176e,-1,0,21,14,34,3628704,3,2,,,
4ce43aeb7f0ccb29a96bed6c43c48a2b,-1,9,3,71,112,7346850,0,0,,,
2f0805fc68ddc7ac955144c0e7d713ea,-1,1,2,11,34,1792445,1,0,,,
a74fe6d4812fa93a1afa1a6a334ebdda,-1,2,21,6,60,3110563,0,0,,,
2aa81087d002e7eacaf0e83ee4b9cdf6,-1,92,58,124,259,24267015,0,0,,,
45748fda87f1adca39145203e23a8f5a,-1,19,33,68,150,6914978,0,0,,,
6a18f8ea41f76a2a6265ade4a3534578,-1,58,61,163,304,35311172,0,0,,,
61e21f755a18cce3a5e8163300534a44,-1,17,15,61,63,9129794,3,2,,,
1fce094807d2e690e306df1f762cec05,-1,0,0,10,22,1469260,0,0,,,
f6019a39f3b3c5def25341b62eee138b,-1,1,6,5,21,947783,0,0,,,
d72e53154527019e76be97f48769f802,-1,0,7,3,24,233096677,0,0,,,
64d5a6c952cc8f70b61a4ef73d68a74e,-1,0,2,46,63,6275295,0,0,,,
a15ec4d768e8e54ca3c460c75a59199b,-1,3,34,55,121,9240684,5,5,,,
bd7704cce93e406700901878c38fd7bd,-1,56,97,115,250,29972915,31,26,,,
fbf4d9f8b84154afe1f55a63a1359bff,-1,1,19,44,93,9313152,4,2,,,
5af239e79a8eafb4fa55dc3b6e45a45e,-1,4,58,33,154,12957942,1,0,,,
bcf33b7e3eb56238ccf8a09339dd1800,-1,196,272,576,782,97998445,0,0,,,
4a6c733cc46b5d5fd1e11186480a4ff7,-1,0,0,0,3,0,0,0,,,
90af544d56401138aade6c2a23599662,-1,0,0,0,17,0,0,0,,,
2f16e7d9a938bcddfd90eb90e99a6650,-1,9,36,9,125,12026045,1,1,,,
2102c0174f5cb5676332f7ba6d9cbbd6,-1,5,53,57,166,12014155,0,0,,,
aeaaf72d148318e536aea8351b7f2604,-1,0,0,0,22,0,0,0,,,
9c9fd24f4db6b42a1c233db246f41f8f,-1,10,7,72,139,9701898,0,0,,,
45314291a234df17f04822dc4a322a4d,-1,8,7,10,104,4420676,4,3,,,
ef478326bd1db31bb69ff791ea9fc12b,-1,27,60,86,200,19003498,24,17,,,
c16dd3b4b62e288dc5976af1e3b8f7fb,-1,25,33,88,108,21890093,0,0,,,
e1d669c6aa63b19fcf530e24e77b10d4,-1,81,29,158,240,22925261,1,1,,,
4d515f5229f238913fddb325c0ee91c5,-1,3,3,38,59,5014107,0,0,,,
b13cc584a4ebfacec9dbbc75124df7ff,-1,73,47,589,347,74476291,1,2,,,
771e61d45defbf3bd0950169adcc9c85,-1,11,1,100,214,11409896,0,0,,,
65e326d8738d7893d11fd7644a4b3544,-1,4,11,19,64,5961932,1,0,,,
11f1c8157d373395baf24a47d932ced6,-1,37,241,69,209,34772166,1,1,,,
b356dc8928f132aab11500b83266d83c,-1,33,72,226,342,37466160,3,3,,,
00069663a97a439538d04d3a7cd659a1,-1,33,19,46,156,9336331,0,0,,,
37106d4326b76c56f7869a40fb48d8d4,-1,4,11,20,93,4021502,0,0,,,
ae854f331d1b39c97d469af29127d3d8,-1,219,354,291,904,86823019,9,5,,,
c36cd0590e9090b706dcd3412fa972f7,-1,3,0,5,88,973853,0,0,,,
de291624d045032e88e29bda462a6be4,-1,3,4,9,31,503923,1,2,,,
6a76ec66ce37344267ef07b5fd4740cb,-1,103,77,66,307,22980040,1,1,,,
d5562295e47714bf371c0767c35c5f88,-1,20,124,72,192,14249000,0,0,,,
be619e03b0ebbe9dc64029020860a6d0,-1,75,141,101,188,19098457,0,0,,,
88272839b651ae9b07516439b05b4071,-1,0,0,11,12,1559233,0,0,,,
f9f5916e7faa44a253bb1d2f13433b65,-1,6,2,42,162,5360000,0,0,,,
39f058eec1abc6b9afb178df0488bfd4,-1,21,79,90,122,19423622,0,0,,,
ccd87e768b8bb7a492831148bdef1a5c,-1,12,11,51,71,5812281,4,5,,,
66b2a9efc264104a2e1c4f8984c658bd,-1,16,7,65,97,8042968,0,0,,,
5001bf1969fd65ec84d366f9e156079f,-1,18,45,36,130,7454006,8,6,,,
d3e0dc253e512c69a9e9ebda9238e396,-1,0,0,0,15,0,0,0,,,
5fc22d690f74448973bf0d51f3f3ca63,-1,1,0,9,27,1214553,1,1,,,
6c21a992db00de80281856ffd85063fb,-1,17,37,69,98,10915560,0,0,,,
e6d98b6201ac82160e749f5ffd1d3283,-1,12,2,35,72,3377715,0,0,,,
31d18ba3c20189788bf6b4683b0bdfdd,-1,33,153,140,197,21929808,1,1,,,
8ee432a94def42d6d08cd872bfb9d042,-1,42,47,280,250,41033931,4,4,,,
ca8f3e3123eec6aee7daa32f48e4fa04,-1,10,1,134,202,11299219,3,2,,,
af09faed3cb7925d3f6788630f4ee1dd,-1,4,7,12,31,3286692,1,0,,,
4933515684bff8d792c4125bc67cb6a5,-1,5,0,38,103,4854073,0,0,,,
ef1accf2b84476e9d99c885f42fd9abb,-1,0,4,1,26,779921,0,0,,,
99336b8eacf0a3c1c7c58d22fa0986f7,-1,11,48,272,351,36529054,0,0,,,
f4958f3a28dc37ee3652d125440f206b,-1,48,34,160,166,17947524,0,0,,,
d609e036f39dcda2a9cc70d9e56eef92,-1,7,8,59,60,5786496,0,0,,,
2b3c811655506cac19efc8e999d1bc64,-1,88,158,216,283,38000926,1,2,,,
8f002542532f4f77b8562f4114223d41,-1,21,71,38,89,10671530,5,6,,,
26ec49d26bd2dc8f6323469721dcef6e,-1,99,89,278,317,38928449,1,1,,,
8060018b4c94d7acc466070fe1d6434f,-1,23,5,46,92,8543496,0,0,,,
a4d047f8895501b2e43a0cd7782da8ba,-1,0,21,1,29,862704,0,0,,,
c2eef5ce323a2ad7b225007d336371e6,-1,74,258,132,262,30103300,1,1,,,
c211229da315671b89260253de85b6a7,-1,25,252,47,230,23428237,0,0,,,
b3a22cd3ab5a883ca8b32d31b313b701,-1,16,8,26,107,5868038,0,0,,,
f19beaa04d05fd98c0e8756034334b05,-1,10,14,103,263,15630807,1,1,,,
289fa386ad7b24639c90a3bdf458d41d,-1,0,17,6,52,2793053,2,1,,,
98c03de32c9c7e24ec500e0af37bed49,-1,1,23,40,103,12493678,0,2,,,
f5efd9e526a38b7eecd90f1a8e28e6f9,-1,98,32,170,229,29716108,0,0,,,
dc6357200a19540d5538c72fab03aea1,-1,23,43,79,180,13913893,1,1,,,
e1fe242cd762ea253f62a0db6d3097d6,-1,9,4,46,62,3843151,1,1,,,
ee703f07bd59599f050f2549cf63a98e,-1,195,191,489,441,70741555,0,0,,,
a3cf6d82f5227f30991d8d43cab636ef,-1,0,4,0,7,345504,0,1,,,
8a48926453017c042211f46fe2dadf14,-1,13,44,96,231,20093480,17,11,,,
24750871399f82e4d1115f9a86d26943,-1,200,1933,119,174,101767088,0,0,,,
d236909204989fc5e84f8c2148c2e205,-1,3,5,15,52,3026823,4,4,,,
70e7d5d6029a45cecfdedaeb7ec1d543,-1,6,3,5,179,1101076,0,0,,,
33b1749fd4cc74109cf4ed59244c3c92,-1,113,1481,111,154,76543566,0,0,,,
fe0e7e04f506e825f16c86524dd70107,-1,2,2,35,89,4561328,6,5,,,
aa3cc79f0b2e361c55d71ad50f69f805,-1,46,103,75,167,16564148,0,0,,,
2e26c1b6e184ff96f471b3edc3f7aeef,-1,0,0,21,30,2846238,1,1,,,
3171b333e340be8ff66828a9575ca320,-1,46,57,92,131,15823303,1,1,,,
1df5fed94abef02d49bb32766d9a2dbe,-1,0,6,18,108,3901550,2,1,,,
078bd19b890bd4ff7904b0274243794e,-1,97,145,171,307,32100461,3,3,,,
c60b501f497649a3d78f1ef30f52cc5b,-1,0,2,7,36,989562,0,0,,,
45723c367db88e018dc6a4dec191f3cf,-1,45,48,68,193,12960537,0,0,,,
597559ca8935ad0f271c3ce5db346f36,-1,16,12,169,145,21116781,1,1,,,
1f40a54b5bf5868f7589731ab44b6519,-1,1,7,105,164,13828597,0,0,,,
44536aba93c1e6f24fa085414511056d,-1,7,11,13,42,3627548,0,0,,,
23cfa0f0694fe544c791b76a0c342340,-1,0,0,2,59,1123610,0,0,,,
73cda40a3d5deadd9a0638070470cec2,-1,20,55,44,147,8129318,0,0,,,
0d6f11e23b19f0c2af2a8f395ff3143f,-1,0,1,1,127,9807,0,0,,,
fc930ca96e291e56b8119d80591fc459,-1,0,0,4,32,251710,0,0,,,
4176e9f3e59084dbb02290ce3f019596,-1,13,25,81,198,13158095,5,3,,,
a2ab09340f142382cf7ec110dff529f2,-1,42,81,54,105,13827909,0,0,,,
216221152ea7e4c82d157651fabe58e9,-1,0,0,15,34,1534407,0,0,,,
e326bf9bf696fd57e9e3938c756cfb95,-1,23,12,143,215,18434221,4,6,,,
a9707ad6750d5cdaa9e8a4bb8bbb0105,-1,13,25,116,180,18693629,3,2,,,
22310341ae0130a4e47e6281b393fd41,-1,13,46,99,165,19618796,0,0,,,
48c870b8af778bf479fd6101aaedf8bc,-1,2,4,57,104,6439834,0,0,,,
4e4d4f0b0b38fe53dc9712993335012c,-1,3,0,9,18,102150,0,0,,,
f8dc1b9768e3f616ef6c1046b514c4b0,-1,308,139,593,539,98993426,5,4,,,
a7a1a647911b23b3565a5e857fab9e10,-1,2,1,279,177,22959684,0,0,,,
63121521900421ee8547cbde171697cb,-1,13,54,45,92,9448244,0,0,,,
7a3be994d6428940a7a563f079a59dc6,-1,1,4,11,39,2159998,0,0,,,
e9b08bc498e66f535576d9373e2a2019,-1,10,13,18,46,4414343,1,2,,,
a10f6addccb684fe81ebd251d65f482c,-1,0,0,0,2,0,0,0,,,
d16ba8dde33387435a6ac6dc2afb4b97,-1,48,82,177,346,30576107,0,0,,,
3fd623fc9b72b4058ff718cad8135323,-1,0,0,0,4,0,0,0,,,
b2f018a36ea7467d3a71efeea81a07de,-1,18,5,58,96,10037653,0,0,,,
7daf630a37381d289ba4939c1c2a617b,-1,80,27,50,79,12059737,0,0,,,
df6ba003aa7f170424055af23c2e5e83,-1,11,33,81,210,54436664,5,3,,,
a7958ac1fbbbfd6dd3fa2f1d3dbf9911,-1,85,57,414,320,55892562,5,3,,,
f29e20ed1cd8e69b7aeb6d63044af74a,-1,21,1,315,159,32138728,3,3,,,
8b1f11564a65683697e3aa352d0a1e84,-1,0,0,2,20,345129,0,0,,,
7cf33941bf1cdf97725afb19a650d376,-1,0,2,1,12,4722,0,0,,,
d429fb373ee2fe848b34c50e093c1386,-1,27,5,184,169,69191594,1,1,,,
4996d754b61a1b65cda2fb8c611e9381,-1,108,101,101,168,19701948,0,0,,,
7bbad6a56372ad46f9014bae15677afb,-1,0,0,2,39,259623,0,0,,,
4570ba86172d105686a3157ee95db819,-1,5,0,63,79,6238232,1,1,,,
17f1be11ec6c8b08d3538bc68b8d3c44,-1,7,14,67,188,12634970,0,0,,,
59f0e23445f0e99864b2af7467afff5d,-1,12,47,28,54,8627462,0,0,,,
2f5718312de75f4455eb4bf859f3ca5e,-1,23,36,255,242,23449607,1,1,,,
864d47ab388ea96ad9b7407f4f587f82,-1,839,659,766,480,160295072,9,9,,,
03ce0f922f9ce7877e57bcdccbc9c8b4,-1,0,0,15,42,1921768,0,0,,,
dbf88b85b58f93a4fbd40a56497ba0a0,-1,31,34,24,74,7815378,1,2,,,
d8efa0fd35f77900847d354d379e507d,-1,7,2,23,68,4752341,2,3,,,
900d2870fd9226a3d3743be67bfdbc77,-1,69,152,202,446,37334106,0,0,,,
3c25845f88f0ca0e2e3ff5982b5bf95f,-1,10,1,63,76,6819623,2,3,,,
0f5c30dcce3d48a6bb5372ee55bc6730,-1,7,14,38,57,3804101,0,0,,,
b75e3311104727214fb19c8ed2c37df2,-1,67,132,515,487,61640455,8,6,,,
b18ca7809900437228db616fd8ad3f74,-1,35,10,30,118,7902802,0,0,,,
70c8c4147f676611db04c0d04aa1a4f4,-1,8,15,15,39,3117764,0,0,,,
9ca4bc74f2872d575830ca576a64803c,-1,13,11,123,156,12999677,0,0,,,
bd99ef186549746ff725ccfb2f68781c,-1,22,35,49,102,12496592,40,31,,,
d80958deb149e4c4f6b0661e3766e906,-1,17,2,105,155,12350749,0,0,,,
cc4868fa95f431b7fe3a826ed17b3eeb,-1,117,410,81,200,34480980,7,7,,,
6e6e92be9c95ccb03ed3e6c5347e3952,-1,19,79,26,196,13902973,0,0,,,
ab3571d053a2ef84e9c870a929697cba,-1,19,11,23,41,4964343,0,0,,,
959f5322d3c38136b22fc4085e64c6d8,-1,35,21,232,163,20728440,0,0,,,
c21a3da89bcb329551ca521425fe2c10,-1,58,118,158,267,30856675,4,3,,,
fd7bd45123ac3473e0985abe21288716,-1,0,0,3,8,950112,3,1,,,
ccadb91fa47792ad8fb25d8f714dd789,-1,29,48,84,91,14752390,4,2,,,
eb1eebea2b2500c25138b77fb7b02ca8,-1,24,30,16,16,3006649,0,0,,,
d0e98c3b5d95f0f968c45bc09abaa9e5,-1,4,0,32,87,4489751,1,1,,,
4820706f9fa0f40095ecbf646f7efc21,-1,202,544,123,448,60809971,2,1,,,
d1b34f159ffa54c5c3ad57867d6bd5a7,-1,17,7,57,174,9569539,0,0,,,
2d594547651eff503f7971b6c64c4666,-1,5,15,24,127,6470754,0,0,,,
67e7c5290e5eb4aa6a370b31cbdaa7e5,-1,29,16,228,162,17654871,0,0,,,
f9c26dd50d4c378ed28f74174fc2e96c,-1,140,62,192,293,34907922,12,9,,,
1c3d53a2b822d31966796514d4ddbef7,-1,42,114,64,162,18154036,0,0,,,
051d8791f4b05c334ea177f7c56e6951,-1,16,33,46,55,9888910,0,0,,,
c47780167649629aaf999c3934cf6823,-1,13,6,100,118,14324952,0,0,,,
34fb2251489ed76bef41616b16e28349,-1,13,18,38,79,6647505,0,0,,,
617cf7588c8d9b4fcf93ad5e7988b35c,-1,17,43,48,73,20301094,6,4,,,
8ab631c781849e2d37a5a9ceffe325ac,-1,0,0,0,4,0,0,0,,,
683c130d223300d71e0527aaa57a8d7a,-1,13,30,26,75,17857732,1,1,,,
1ddfed61ad098e98e1e9e91877d5a1f6,-1,124,112,1102,673,109885002,2,2,,,
a5760decf6b55b40632d2cb4ab0790f1,-1,59,50,232,332,44007532,1,1,,,
8feae38b361d07a484582140ac108f57,-1,9,33,13,32,4696708,0,1,,,
fca2e9bca58dbf72616470e177ffe72c,-1,7,63,23,38,8034657,1,1,,,
03290f49f5780f5141cdbd507bf26357,-1,2,5,18,33,2073723,0,0,,,
9565c4aa00e45ed97ec045239c7b2aa0,-1,7,14,58,63,7444479,0,0,,,
e6c152df7b7dcb67f59436298f555905,-1,16,36,25,58,6045806,0,0,,,
53067841b29137f2ed890a8669acd6f7,-1,6,20,104,176,12537086,2,2,,,
46398909a87845ea3c6391b4ad803dd2,-1,0,0,0,31,86148,0,0,,,
638e7ef519b508cd9e7e7e3adc567f15,-1,4,12,48,99,8229737,0,0,,,
2151c29c28872aee0a95a22a27e19d82,-1,209,26,418,688,59988807,0,0,,,
626d29b5c4167f8916ef4037e7db6a52,-1,87,99,136,211,35164579,2,2,,,
db8f769ff3f6279cd8c32ee24a1bf034,-1,101,92,79,215,24238614,0,0,,,
f19744212093e86db6a7d5a16c540830,-1,18,9,200,110,19987396,0,0,,,
cebf9fad3dca0c09ac71fafd5ce4f694,-1,1,1,11,13,1464899,0,0,,,
56bbb244091f795a45882b3e59f5df92,-1,2,0,26,44,3458752,2,2,,,
4036f4189a7be3c54f701e17beec3a7c,-1,12,8,52,37,4724918,1,1,,,
7ccde8219aed84c803a6d587abafde91,-1,3,1,12,79,1314624,0,0,,,
396b11bc8172e8b9e0e1434b58cfcc1f,-1,3,0,10,20,1898453,0,0,,,
5cee2b8004536b136c9b1acd3e42fb87,-1,13,8,93,221,11400403,0,0,,,
f5b26f12ee27ad2f04b5bd8c34d37619,-1,55,22,122,96,91492918,5,5,,,
1c3e3d827623be301fdb777b6f8e02cd,-1,0,1,18,69,2589388,0,0,,,
2c7480e212809a03ad1f086cc67afe5a,-1,2,17,19,38,6133461,0,0,,,
dd6f927153be6f8e971fbc7a9e94f402,-1,210,308,269,534,74049664,6,5,,,
63e47f6a8cec8ea4d15bd5a8415e4d5e,-1,9,57,44,197,14268006,1,1,,,
f0bc725962e4e9ce2c0220055fc63af7,-1,30,3,125,129,13101114,1,1,,,
2bbae93da5b5c99fa29d033902c0164b,-1,0,0,1,18,86393,0,0,,,
694cccd815a888d8885aac51a65b765c,-1,0,0,0,6,0,0,0,,,
621fd2564869acaff9633f6cc54e4025,-1,10,4,42,135,6314905,0,0,,,
e9acb1d159538b8c4473d3c8301b81cd,-1,2,9,69,64,5137691,0,0,,,
ad6c3e21e354456ba7f437bcc0b15bf2,-1,8,13,44,57,4770429,0,0,,,
8cc78bd5a78faf99ff59853dd7dbe560,-1,0,0,11,23,2504396,3,3,,,
29ef76d98ac2d23082bd157d0c0b7cee,-1,55,967,224,174,63994596,0,0,,,
0597d9cc6d6a531cd0b552de0661c379,-1,6,30,32,67,7250831,0,0,,,
111037931aa932a3d50aba004eeab949,-1,65,3,136,300,24876184,0,0,,,
1395fe823fcdbf7524c12eef47ca8101,-1,0,7,11,58,1570829,0,0,,,
8b613e94e270bb1d51230a45b02051b8,-1,41,47,62,134,20204524,0,1,,,
013278f30aedb03506b64363183fd4bb,-1,2,2,28,84,7086126,31,30,,,
72f2c0b868f417ca5b15809c2c138866,-1,10,4,15,45,2421360,0,0,,,
f1a8c18e5bf550a2276a9c5a8ef8c901,-1,15,32,25,65,6090233,2,0,,,
970f64615e9340b122ad8dc33743ffc9,-1,3,2,0,10,5,0,0,,,
4a971d6f920a562db5ef45393675959c,-1,7,47,2,24,4054994,0,0,,,
2f09515de08c2e80cbf488784743c14e,-1,6,34,86,221,14081148,14,9,,,
935aa92646cc31c3e810f3763feeba68,-1,4,2,19,38,3323763,2,0,,,
31fa9fcbaaee5d53e5ce78dd9d197aca,-1,0,14,3,42,1620761,0,0,,,
3ae66ca058385f996610d398b786e88c,-1,99,87,209,199,28933507,0,0,,,
745b57ac1ea614fe09fe9b519a8d04a7,-1,2,8,2,8,86622,0,0,,,
cb2854de6b10d10e6aed3ea0d4645640,-1,25,23,56,54,12646656,0,0,,,
5718a67c755ddafe2d92fd37825da4e9,-1,31,24,50,76,20399755,0,0,,,
f86874b5adbe98e71afbfdaf6ef182b5,-1,83,16,137,241,22945989,1,2,,,
875d7d340d4ffe09dc0169ca8a2552a3,-1,12,1,181,100,14944193,3,3,,,
5168a60bf88caf09402cdd7964626ffe,-1,12,31,12,34,2700784,0,0,,,
99d6c12f68cf4bc0813ab9276449b1b1,-1,15,34,67,189,15766861,1,1,,,
2caaf6303f5ecf2c1c88e61165c91353,-1,5,12,45,91,4789263,0,0,,,
6ffb3d559fddd028fb3ed45b9989e725,-1,34,25,46,168,10282215,5,2,,,
e460ef7e9dda4590ad3ff0070b3feb0b,-1,4,25,22,52,5274581,0,0,,,
aea7be42aa81f13d719eed15e6fc1619,-1,2,0,5,10,87703,0,0,,,
9e61a1959e2b0ab56fe7acddfaedd940,-1,0,0,0,77,0,0,0,,,
a9db3f37beb4132e110d8a10eb180074,-1,4,22,9,16,2937080,0,0,,,
dccc6870e38f8eda4d54ac6fe6f487fb,-1,19,137,35,167,18440195,4,2,,,
c52a79f9dc7ae3f5c75fcf9aeb3c0a72,-1,46,27,38,129,7686617,1,2,,,
2b10c4cc4736e43f5ed0373ac1d1550a,-1,6,1,8,18,1994103,0,0,,,
91b1b6933ee32db2dd0b3e9a734ea3d2,-1,0,0,0,1,0,0,0,,,
fb503ce6ce0249d4e6f58e55c764c90c,-1,26,33,177,172,18470782,4,4,,,
dcedc22fae9a636531e59de00c900167,-1,11,33,15,69,5844367,0,0,,,
dbc88b49e2a0facb51dccfb1530e1417,-1,12,50,108,197,18456429,0,0,,,
8cdf6ad7c2888c916731bbc42c39f96c,-1,50,8,118,243,18674504,5,4,,,
855f3be631332faf41fdcd5bea3aa7f3,-1,1,1,48,53,5311472,0,0,,,
710750f8fb77993400995d58f6e4deb3,-1,0,0,1,16,86274,0,0,,,
98b0da67f7e0c1a8a5cb62c5dba73580,-1,21,6,54,54,8397238,5,4,,,
049959a885168c0c9ee3efbb6919c4a2,-1,2,43,17,69,4827292,0,0,,,
6a9d65fe7e8af102a8e0f3490be0f3b4,-1,32,3,45,45,4661383,4,3,,,
09445ff6857fa5864359fbbe6566c28c,-1,49,67,49,64,15901927,0,0,,,
e7b906b2a0a18f4cddd956a8c369c440,-1,4,104,6,91,9503646,0,0,,,
9535c353e3a27e105c63c0666454427d,-1,42,110,54,188,19354823,2,2,,,
80ba9a4bed8027cc34456bcbd80a4ca8,-1,15,6,61,50,4329607,0,0,,,
376bac36a668b80064a9be0ac531aaa8,-1,2,5,1,28,25,0,0,,,
1f9be35be983bde43b05a5087b5e57f2,-1,22,10,109,127,14041049,0,0,,,
ad65b18c141bfc8687010327ed89b04b,-1,151,161,302,300,66157822,0,0,,,
f7b51e6ba357df6f0b6352f203fc639a,-1,0,5,7,15,1901121,0,0,,,
d4f8f787342bb4448cce750084a6c9fd,-1,0,0,0,16,0,0,0,,,
684fbcec17b03db93ea634fd3372e8d4,-1,0,0,0,11,0,0,0,,,
3600df64b6e56dee3cccc1f01f2d86fb,-1,19,36,105,254,16848191,1,1,,,
0722a657d666dd8a3d2171c6a3a23838,-1,0,0,0,19,440,0,0,,,
cf01593f0d50a9d9cfcf06352740696e,-1,39,8,216,168,23650694,0,0,,,
bef8bef3c91456e778da2d244f16ee06,-1,0,0,0,12,0,0,0,,,
0328ebe83847d5fcae81bc55fa477c6a,-1,4,57,16,92,7033230,0,0,,,
555b5eeeb9b567be81fcca3063352217,-1,4,0,87,69,8650454,1,1,,,
fb71389dfb1bbacef51ebb737d713266,-1,0,1,1,11,45,0,0,,,
cb5f7b2d0ac3705bbfe85c2014d905c3,-1,0,0,0,3,0,0,0,,,
51b09111759aa96f0449bb167ef10616,-1,0,2,0,13,259165,0,0,,,
bf8df7a531cde43f18b9946cc7ed67ae,-1,0,0,6,38,691191,0,0,,,
93de7a57a7a0aadf36f6b8003e902406,-1,0,0,3,17,258828,0,0,,,
f913a64e6b500eb74068806f76728969,-1,9,10,15,42,3709270,4,4,,,
7805586760aac4a52867468188e44144,-1,0,11,10,25,1467565,0,0,,,
e96e2c385a267d4d45c33bb8642f404b,-1,3,14,21,84,4032977,0,0,,,
ad5feb083237ea49812242a12c723113,-1,15,4,55,99,19887743,1,1,,,
16215b3b51049f8b1a1260f96a57fb65,-1,0,11,3,56,52358,0,0,,,
847bf67bc1e329ccaa290f89c038d527,-1,25,39,78,120,13729286,1,1,,,
5947b7dd16383a5f76aaa6b2b2544b5a,-1,22,43,18,114,10684808,2,0,,,
47643ecf97c4c2e83ba279d39c905fb1,-1,31,56,120,115,16738711,0,0,,,
77002651ad0a181e008564e24d4d9676,-1,195,254,412,557,74036063,0,0,,,
20e9f1b0e9512666889f5bcbac4e1f5b,-1,16,7,61,105,7440492,0,0,,,
a036e249655aad6e3ab2bb9540f735b3,-1,16,41,19,94,6391673,1,0,,,
ec1a434fa8ad5ca1c27cf8deb6acec7b,-1,533,98,633,485,110594639,1,1,,,
34c519700ddd4e4e7f9892b19c54006d,-1,14,11,30,70,5184430,0,0,,,
2cc0bf3a15f6f65ef20f9da2185fc523,-1,44,154,68,167,17827983,0,0,,,
baecdafdaf5639f337bf533586b4bace,-1,20,5,150,124,15258594,0,0,,,
368ed019b77fb4e4e384763f13e95705,-1,0,0,2,119,204486,0,0,,,
46c41cf8365d613d6ba6eb5c5b5e2192,-1,0,3,2,53,605844,1,1,,,
5cdf08fed427248fb56227b20d9e20d3,-1,0,0,1,13,0,0,0,,,
94849571debfdb8098ee30f463c3d7ee,-1,0,0,0,9,0,0,0,,,
75d70c519339540a268cb50a2187c424,-1,0,0,0,7,0,0,0,,,
7a72e322e21710edf982a2238f1caf79,-1,0,1,3,7,413512,0,0,,,
782e5f6b730b044e7dfdb879bc4e1ffc,-1,95,90,302,296,37657479,3,3,,,
88bb09a63f3d33028618cfaba65d5619,-1,7,8,22,72,2590652,2,1,,,
3d67cdf225a6a182aac63fa5408054a2,-1,2,2,37,66,3973760,4,3,,,
0c78d017e1e81643cee55f886c1743da,-1,1,5,61,61,7246960,6,5,,,
ac326d09bc247f00f405f389b4aea9c5,-1,0,0,0,5,0,0,0,,,
df125581f7cda44b8f3857e21a77425e,-1,4,2,11,69,1767129,2,1,,,
a2367b3b09b3dac5cdf0941b13831265,-1,29,50,136,200,20954223,0,0,,,
ac4f9308005c4f05d7c76846be7a6783,-1,22,234,80,216,33184511,2,1,,,
4008c82f7397c5c7db3958a496f510f0,-1,12,35,22,54,7805316,3,4,,,
bcb4ae1acf01d1d126534cce5e803b4b,-1,4,0,22,52,2496567,0,0,,,
90c49cd3dffaef69f61b927d2c3aa53c,-1,0,0,0,3,0,0,0,,,
931907b62ca2b1edb728f949605eb4a6,-1,0,4,0,8,259216,0,0,,,
4f7210d0ad01646addcacad397b43fd8,-1,0,0,0,1,0,0,0,,,
a2256da4a09acfd3f6a445c0d159820d,-1,0,2,0,17,173391,0,0,,,
8593b71ff15efc3b7d1e7e5fb3025ac1,-1,41,56,100,209,23799160,3,4,,,
9ce84297bab336173a3b544e11ec3c65,-1,0,0,0,6,0,0,0,,,
920a7dbd1d7d29bbdb41377d345e89f6,-1,24,55,85,214,14331744,6,3,,,
6849c607e316e7c1e0ceda16c6c5c659,-1,12,38,9,82,4237025,1,1,,,
94183c2eea2adc6daefcce21dc0f409c,-1,32,76,23,191,13017281,0,0,,,
6bde8d5141b021ee7675f197b7d394ab,-1,0,0,0,3,0,0,0,,,
7eb9131738df994f724c5a083ae3abfc,-1,0,0,0,0,0,0,0,,,
